CustomerID,Recency,Frequency,Monetary,Cluster
12346,326,1,77183.6,2
12347,2,7,4310.0,0
12348,75,4,1797.24,2
12349,19,1,1757.55,2
12350,310,1,334.4,1
12352,36,8,2506.04,0
12353,204,1,89.0,1
12354,232,1,1079.4,1
12355,214,1,459.4,1
12356,23,3,2811.43,2
12357,33,1,6207.67,2
12358,2,2,1168.06,2
12359,58,4,6372.58,2
12360,52,3,2662.06,2
12361,287,1,189.9,1
12362,3,10,5226.23,0
12363,110,2,552.0,1
12364,8,4,1313.1,2
12365,291,2,641.38,1
12367,4,1,168.9,2
12370,51,4,3545.69,2
12371,45,2,1887.96,2
12372,72,3,1298.04,2
12373,311,1,364.6,1
12374,25,1,742.9300000000001,2
12375,11,2,457.5,2
12377,315,2,1628.12,1
12378,130,1,4008.62,2
12379,82,2,852.24,2
12380,22,4,2724.81,2
12381,5,5,1845.31,0
12383,185,5,1850.56,2
12384,29,2,585.27,2
12386,338,2,401.9,1
12388,16,6,2780.66,0
12390,80,1,549.84,1
12391,22,1,460.89,2
12393,72,4,1582.6000000000001,2
12394,64,2,1272.48,2
12395,19,12,3018.63,0
12397,36,2,2409.9,2
12398,46,1,1635.6599999999999,2
12399,119,4,1108.65,2
12401,303,1,84.3,1
12402,323,1,225.6,1
12403,50,1,427.7,1
12405,149,1,1710.39,1
12406,22,2,3415.3,2
12407,50,5,1708.1200000000001,2
12408,33,5,2888.55,2
12409,79,3,11072.67,2
12410,309,2,693.3299999999999,1
12412,75,3,1226.88,2
12413,67,3,758.1,2
12414,217,3,562.41,1
12415,24,21,124914.53,0
12417,3,9,3649.1,0
12418,113,1,668.58,1
12420,64,1,600.39,1
12421,16,4,807.04,2
12422,96,3,803.5600000000001,2
12423,1,8,1859.31,0
12424,163,2,1760.96,2
12425,78,1,777.2,1
12426,195,1,582.73,1
12427,22,3,825.8,2
12428,26,9,7956.46,0
12429,9,4,3750.4,0
12430,43,1,256.4,1
12431,36,15,6487.45,0
12432,43,5,5059.32,2
12433,1,7,13375.87,0
12434,85,2,806.14,2
12435,80,2,7829.89,2
12436,100,1,509.01,1
12437,2,18,4951.41,0
12438,14,2,2906.85,2
12441,367,1,173.55,1
12442,3,1,172.06,2
12444,21,5,5005.46,0
12445,22,1,133.4,1
12446,58,1,1002.3100000000001,2
12447,243,1,476.49,1
12448,44,1,449.45,1
12449,22,4,4067.29,2
12450,156,2,197.88,1
12451,11,5,9035.52,0
12452,17,2,430.57,2
12453,134,1,707.09,1
12454,56,1,3528.34,2
12455,73,6,2466.86,2
12456,44,3,3181.04,2
12457,66,7,2363.23,2
12458,71,2,947.4,2
12461,94,2,826.88,1
12462,19,2,1189.59,2
12463,53,4,1344.78,2
12464,10,8,1212.05,0
12465,17,2,742.1899999999999,2
12468,188,2,729.5400000000001,1
12471,2,30,19824.05,0
12472,32,7,6572.11,0
12473,29,5,3938.5499999999997,2
12474,17,18,7375.79,0
12475,54,1,723.38,1
12476,16,11,6816.42,0
12477,23,6,13219.74,0
12478,4,1,680.99,2
12479,11,1,527.2,2
12480,28,4,3281.63,2
12481,23,10,5596.32,0
12483,17,8,2484.98,0
12484,33,6,4541.72,0
12488,10,3,1298.66,2
12489,336,1,334.93,1
12490,5,10,5417.93,0
12491,39,1,460.40000000000003,1
12492,63,2,263.21000000000004,1
12493,166,2,433.74,1
12494,16,7,1246.1000000000001,2
12497,82,1,1043.1,1
12498,21,3,403.70000000000005,2
12500,23,11,4257.82,0
12501,337,1,2169.39,1
12502,96,5,3723.87,2
12504,18,2,482.04999999999995,2
12506,233,1,73.5,1
12507,134,3,1304.81,2
12508,26,2,398.27,2
12509,284,1,176.5,1
12510,143,2,982.5699999999999,1
12512,66,2,138.03,1
12513,113,1,612.29,1
12514,267,1,1017.68,1
12515,353,1,383.7,1
12516,78,2,1312.06,2
12517,28,5,2502.84,2
12518,1,5,2056.89,0
12519,64,1,340.84,1
12520,79,5,2634.26,2
12521,143,1,599.68,1
12522,39,2,192.72,1
12523,19,11,1789.77,0
12524,9,8,4485.72,0
12526,1,3,1316.66,2
12527,82,3,348.71000000000004,1
12528,9,6,1933.48,0
12530,60,4,1662.28,2
12531,15,1,125.22,1
12532,30,1,349.83000000000004,1
12534,131,1,1089.18,1
12535,92,2,716.35,1
12536,43,3,12601.830000000002,2
12538,29,1,363.95,1
12539,22,4,5568.35,0
12540,20,17,13400.24,0
12541,30,3,981.18,2
12544,36,1,372.7,1
12545,75,2,1000.39,2
12546,47,2,1161.5,2
12547,198,2,207.79999999999998,1
12548,166,1,95.19999999999999,1
12550,79,1,964.83,1
12551,358,1,168.0,1
12552,39,2,437.82,2
12553,8,10,3692.28,0
12556,50,2,603.71,2
12557,16,5,11990.960000000001,0
12558,8,1,269.96,2
12559,311,2,561.71,1
12560,5,3,2134.01,2
12561,303,1,238.85,1
12562,8,7,3781.7400000000002,0
12564,261,1,456.9,1
12565,289,1,145.92,1
12566,86,1,351.65,1
12567,23,10,9401.28,0
12569,2,32,4124.69,0
12571,40,2,519.61,2
12572,9,2,1020.42,2
12573,227,1,160.54000000000002,1
12574,316,1,218.45,1
12576,36,5,1315.83,2
12577,35,3,657.8,2
12578,21,2,2794.51,2
12579,78,1,440.42,1
12580,247,1,415.7,1
12581,40,1,197.71,1
12582,239,2,511.36,1
12583,3,15,7281.38,0
12584,4,9,2338.15,0
12585,234,2,2040.1,1
12586,17,1,196.94000000000003,1
12587,8,1,144.0,2
12588,39,1,214.89999999999998,1
12589,29,2,646.68,2
12590,211,2,9864.26,2
12591,317,1,452.84999999999997,1
12592,92,2,437.6,1
12593,109,3,418.09999999999997,1
12594,38,10,3338.2200000000003,0
12596,51,2,618.27,2
12597,19,4,3811.22,2
12598,10,8,3023.08,0
12599,29,7,1032.58,2
12600,29,10,2599.04,0
12601,190,5,577.0600000000001,2
12602,59,1,153.12,1
12603,22,1,739.1999999999999,2
12604,79,2,254.18,1
12607,60,1,1579.51,2
12609,78,3,1126.85,2
12610,23,5,2099.54,2
12611,52,1,1193.32,2
12612,74,1,704.0400000000001,1
12613,57,5,3344.38,2
12614,278,1,315.6,1
12615,2,4,2291.19,0
12616,95,2,713.3,1
12617,29,1,355.53,1
12618,22,1,177.31,1
12619,16,9,3641.24,0
12620,15,3,1339.41,2
12621,2,20,13689.67,0
12622,232,1,180.1,1
12623,276,1,305.1,1
12624,106,2,641.13,1
12625,212,2,2683.82,2
12626,23,9,6620.48,0
12627,11,7,4478.53,0
12628,4,3,786.46,2
12630,10,2,1270.88,2
12631,57,1,640.5,1
12633,59,4,2163.98,2
12635,90,2,1689.18,2
12637,67,8,6021.9,0
12638,33,1,671.69,2
12639,239,1,486.1,1
12640,24,3,1174.58,2
12641,115,1,185.9,1
12642,25,3,1013.26,2
12643,128,6,3344.64,2
12644,130,1,477.91,1
12645,34,4,1775.18,2
12646,5,2,1346.97,2
12647,22,12,3722.82,0
12648,155,1,318.05,1
12649,107,3,623.51,2
12650,3,1,314.44,2
12651,335,1,114.0,1
12652,331,1,919.98,1
12653,149,2,2209.85,2
12654,11,5,601.98,2
12656,17,5,4051.17,0
12657,11,4,1643.18,2
12658,19,1,686.05,2
12659,30,1,91.68,1
12660,11,1,245.1,2
12662,1,11,3849.78,0
12664,8,9,4881.88,0
12665,325,1,63.0,1
12667,58,1,620.13,1
12668,12,4,3807.15,0
12669,151,3,2744.0299999999997,2
12670,10,5,2996.05,0
12672,330,1,225.89999999999998,1
12673,5,2,610.52,2
12674,39,4,1970.6,2
12676,25,6,1331.39,2
12678,42,12,17628.46,0
12679,59,4,1113.02,2
12680,1,4,862.81,2
12681,15,22,13787.54,0
12682,4,31,12288.22,0
12683,4,15,8476.57,0
12684,8,7,2283.63,0
12685,28,6,2863.08,0
12686,372,1,89.14,1
12688,114,1,4873.8099999999995,2
12689,26,2,1247.61,2
12690,206,1,389.01,1
12691,28,6,1035.8,2
12693,127,4,855.91,2
12694,70,2,869.67,2
12695,7,4,582.1,2
12697,29,3,957.59,2
12700,8,4,4939.99,0
12701,80,2,797.71,2
12702,20,1,219.0,1
12703,71,1,283.55,1
12704,7,8,2340.84,0
12705,15,9,6868.29,0
12707,292,1,603.42,1
12708,30,10,2712.91,0
12709,15,15,9736.52,0
12710,97,3,1149.02,2
12712,29,13,4396.13,0
12713,1,1,848.55,2
12714,9,5,4708.86,0
12715,106,1,353.86,1
12716,4,2,1053.49,2
12717,151,2,1030.98,1
12718,71,1,238.25,1
12719,5,2,644.95,2
12720,3,25,5781.73,0
12721,32,6,2656.13,2
12722,85,4,997.63,2
12723,4,5,725.07,2
12724,5,4,1031.41,2
12725,371,1,427.8,1
12726,28,7,2609.1,0
12727,11,7,3980.7,0
12728,71,4,836.33,2
12729,114,1,453.01,1
12731,24,12,18895.91,0
12732,180,1,236.26000000000002,1
12733,234,1,383.95,1
12734,353,1,110.39999999999999,1
12735,315,2,779.5699999999999,1
12736,333,1,234.0,1
12738,372,1,155.35,1
12739,78,2,1013.04,2
12740,64,1,427.6,1
12743,134,2,546.43,1
12744,52,7,21279.29,0
12747,2,11,4196.01,0
12748,1,209,33719.73,0
12749,4,5,4090.88,0
12750,129,1,275.88,1
12752,81,1,4366.78,2
12753,23,6,21429.39,0
12754,236,3,3010.74,2
12755,281,2,3811.95,2
12756,87,1,112.07999999999998,1
12757,16,13,7857.1,0
12758,117,2,2791.59,2
12759,52,3,1531.44,2
12762,8,2,1898.52,2
12763,138,2,494.08,1
12764,317,1,1693.88,1
12766,4,7,6989.63,0
12769,239,1,1143.6,1
12770,211,1,1351.45,1
12772,60,1,892.47,1
12775,17,5,1386.04,2
12778,20,6,822.23,2
12779,38,8,3981.36,0
12781,64,2,826.74,2
12782,5,5,2330.92,0
12783,2,6,2225.91,0
12784,9,2,574.42,2
12785,364,1,311.95,1
12787,10,3,463.66,2
12789,65,1,91.85,1
12790,192,1,324.92,1
12791,374,1,192.60000000000002,1
12792,257,1,400.53999999999996,1
12793,335,2,545.48,1
12794,53,2,860.41,2
12795,19,1,430.48,2
12797,366,1,254.03,1
12798,10,3,6977.04,0
12802,187,1,427.58,1
12808,37,3,483.65000000000003,2
12809,178,1,489.31,1
12811,261,3,514.85,1
12812,45,1,229.64000000000001,1
12814,102,1,125.92,1
12815,148,2,1063.46,1
12816,96,2,572.2,1
12817,281,1,166.04,1
12818,262,1,1542.08,1
12820,3,4,942.34,2
12821,214,1,92.72,1
12822,71,2,948.88,2
12823,75,5,1759.5,2
12824,60,1,397.12,1
12826,3,7,1474.72,0
12827,6,3,430.15000000000003,2
12828,3,6,1018.71,0
12829,337,2,293.0,1
12830,38,6,6814.64,0
12831,262,1,215.05,1
12832,32,2,383.03,2
12833,145,1,417.38,1
12834,283,1,312.38,1
12836,59,4,2612.86,2
12837,173,1,134.1,1
12838,34,2,683.13,2
12839,3,14,5591.42,0
12840,144,4,2726.77,2
12841,5,25,4022.35,0
12842,70,2,1118.99,2
12843,66,8,1702.26,2
12844,29,2,325.96000000000004,2
12845,267,4,354.09,1
12847,22,1,871.54,2
12849,31,2,1050.8899999999999,2
12851,97,1,135.18,1
12852,295,1,311.55,1
12853,135,6,1957.1000000000001,2
12854,79,3,1324.5,2
12855,373,1,38.1,1
12856,8,6,2179.93,0
12857,211,2,1106.4,1
12863,52,1,521.2,1
12864,138,1,147.12,1
12865,26,2,1568.23,2
12866,283,1,559.12,1
12867,26,7,4036.82,0
12868,186,6,1607.0600000000002,2
12871,84,2,380.64,1
12872,327,2,599.97,1
12873,282,1,374.0,1
12875,143,2,343.2300000000001,1
12876,58,2,2218.02,2
12877,4,12,1535.77,0
12878,236,2,854.99,1
12879,45,3,573.22,2
12881,276,1,298.0,1
12882,9,2,1463.04,2
12883,25,4,703.47,2
12884,88,1,309.05,1
12885,63,3,1175.22,2
12886,68,2,1378.4,2
12888,214,2,354.12,1
12890,24,1,380.46999999999997,1
12891,186,3,331.0,1
12893,31,1,188.14,1
12895,42,2,372.8,2
12897,205,2,216.5,1
12901,9,28,17654.54,0
12902,265,1,138.68,1
12904,18,2,509.58,2
12906,12,5,2919.81,0
12908,176,2,750.0,1
12909,40,5,2178.67,2
12910,23,8,3075.04,0
12912,3,5,1662.3,0
12913,5,5,2483.63,0
12915,149,2,363.65,1
12916,139,4,3006.15,2
12917,128,1,594.0,1
12919,8,6,1335.19,0
12920,17,1,164.23,1
12921,9,37,16587.09,0
12922,161,1,405.38,1
12923,64,1,176.97,1
12924,88,4,933.7,2
12925,5,2,694.05,2
12928,35,5,2062.7000000000003,2
12929,312,1,117.85,1
12930,78,2,415.8,1
12931,22,15,42055.96,0
12933,24,3,607.53,2
12935,2,7,2160.7,0
12936,17,4,1063.9,2
12937,15,4,1504.27,2
12938,26,1,114.14,1
12939,64,8,11581.8,0
12940,55,2,913.54,2
12942,131,3,683.9,1
12944,36,2,604.51,2
12945,288,1,462.95,1
12947,144,6,1603.99,2
12948,16,7,2064.95,0
12949,31,8,4167.22,0
12950,2,3,1843.0,2
12951,9,6,1064.07,2
12952,6,4,1387.79,2
12953,10,1,329.85,2
12955,1,11,4757.16,0
12956,306,1,108.07,1
12957,10,8,4017.54,0
12962,7,2,266.39,2
12963,8,8,1856.63,0
12965,89,1,771.91,1
12966,10,1,160.18,1
12967,358,2,1660.9,1
12968,112,1,135.95,1
12970,7,4,452.24,2
12971,4,86,11189.91,0
12974,198,1,144.8,1
12976,212,1,738.6,1
12977,156,1,39.239999999999995,1
12980,158,9,7374.900000000001,0
12981,30,2,372.21999999999997,2
12982,243,1,390.54,1
12984,19,1,97.5,1
12985,1,2,1239.38,2
12987,74,2,558.7,1
12988,292,1,535.32,1
12989,3,15,6924.110000000001,0
12990,31,3,409.5,2
12991,23,2,503.76,2
12993,23,4,414.76,2
12994,4,3,974.4200000000001,2
12995,85,1,211.32,1
12997,22,4,1226.89,2
12999,196,3,455.88,1
13000,107,3,534.85,1
13001,4,13,9818.82,0
13002,318,1,120.94999999999999,1
13003,106,3,149.05,1
13004,12,18,5655.91,0
13005,174,2,513.7,1
13006,56,1,81.57,1
13008,323,1,229.46999999999997,1
13011,372,1,50.550000000000004,1
13012,9,8,1661.8400000000001,0
13013,1,13,4810.9400000000005,0
13014,11,10,3466.2799999999997,0
13015,53,5,3346.28,2
13016,73,3,789.89,2
13017,7,1,204.0,2
13018,16,28,7277.7,0
13021,4,9,2616.38,0
13023,64,2,689.9,2
13026,1,5,975.36,0
13027,114,6,6912.0,0
13028,23,2,661.3199999999999,2
13029,31,3,1247.5,2
13030,11,2,799.48,2
13032,52,2,1010.18,2
13033,357,1,190.55,1
13034,55,2,642.77,2
13035,74,2,921.88,2
13037,138,3,881.07,2
13038,80,3,908.46,2
13040,9,2,676.99,2
13043,273,1,516.42,1
13044,291,1,560.47,1
13045,99,1,305.28000000000003,1
13046,31,2,629.31,2
13047,32,10,3237.54,0
13048,14,4,1835.91,2
13049,64,2,656.6800000000001,2
13050,15,17,5836.86,0
13052,212,1,348.15000000000003,1
13055,78,3,1214.41,2
13058,25,3,271.40000000000003,2
13059,250,1,183.4,1
13060,254,1,307.53,1
13061,72,1,248.61,1
13062,191,1,346.98,1
13064,13,4,1119.49,2
13065,373,1,205.86,1
13066,24,2,470.8,2
13067,82,1,115.46000000000001,1
13068,10,2,344.0,2
13069,1,24,4436.12,0
13070,192,1,228.8,1
13072,267,1,177.15,1
13075,130,1,919.61,1
13077,1,4,729.27,2
13078,3,26,12627.94,0
13079,4,5,220.10000000000002,2
13080,179,1,58.08,1
13081,12,11,28337.38,0
13082,126,9,3613.63,0
13083,4,2,303.75,2
13085,158,2,416.08000000000004,1
13089,3,97,58825.83,0
13090,9,14,8910.82,0
13091,28,1,345.82,1
13092,71,5,477.83,2
13093,276,8,7832.47,0
13094,21,12,1927.3200000000002,0
13095,71,1,74.39999999999999,1
13097,33,10,6010.42,0
13098,1,28,28882.44,0
13099,99,1,207.35999999999999,1
13101,234,1,101.19,1
13102,1,24,6424.09,0
13103,40,1,243.94,1
13104,3,6,1098.48,0
13106,133,1,76.5,1
13107,44,4,1531.6200000000001,2
13108,373,1,350.06,1
13109,60,2,786.54,2
13110,31,7,1488.67,2
13113,1,24,12245.960000000001,0
13115,12,4,2294.78,2
13116,138,1,501.14,1
13117,22,8,984.91,2
13118,20,5,1197.81,2
13120,239,1,30.599999999999998,1
13121,269,1,283.73,1
13122,94,2,922.39,2
13124,90,3,3866.33,2
13126,5,8,2099.64,0
13127,78,1,259.17,1
13130,94,1,64.0,1
13131,23,3,1073.3,2
13132,262,1,77.3,1
13133,274,2,109.8,1
13134,86,4,1793.58,2
13135,197,1,3096.0,1
13136,56,5,2607.61,2
13137,11,8,3650.41,0
13138,22,6,962.39,2
13139,16,7,5064.94,0
13140,108,3,423.72,1
13141,85,5,2388.75,2
13142,19,1,307.09,1
13144,333,1,110.95,1
13145,40,4,618.52,2
13146,26,1,228.91,1
13147,10,4,712.8000000000001,2
13148,29,12,3707.12,0
13149,14,4,1676.06,2
13151,296,1,1257.8700000000001,1
13153,6,1,486.22,2
13155,33,4,971.76,2
13157,49,4,1741.22,2
13158,95,4,1201.06,2
13159,9,4,1437.85,2
13160,22,1,91.8,1
13161,313,1,112.75,1
13162,122,4,1688.29,2
13165,46,2,1021.48,2
13166,283,1,417.2,1
13167,19,4,791.33,2
13168,36,4,1319.19,2
13169,64,2,712.88,2
13170,27,1,116.00999999999999,1
13171,22,3,468.41,2
13173,4,2,353.65,2
13174,16,3,2817.03,2
13176,46,1,492.84,1
13177,65,1,282.45,1
13178,26,11,5725.47,0
13182,45,1,121.18,1
13183,8,9,3957.78,0
13184,15,10,1701.29,0
13185,268,1,71.4,1
13186,40,3,1575.89,2
13187,337,1,236.02,1
13188,11,1,114.60000000000001,1
13189,19,2,260.68,2
13192,95,2,911.94,2
13193,61,1,117.88,1
13194,136,1,60.7,1
13196,11,4,1797.78,2
13198,10,6,3401.2400000000002,0
13199,4,38,9817.12,0
13200,19,4,870.09,2
13203,10,4,869.46,2
13207,15,2,250.26000000000002,2
13208,59,6,1223.9,2
13209,30,8,5891.61,0
13210,94,1,353.48,1
13211,10,3,1197.42,2
13212,20,3,788.08,2
13213,57,5,1520.58,2
13216,268,1,333.74,1
13217,122,3,533.98,1
13218,127,1,62.63999999999999,1
13220,78,4,819.2900000000001,2
13221,240,2,847.41,1
13223,200,2,163.20000000000002,1
13224,60,2,2155.95,2
13225,3,7,6463.84,0
13226,273,1,108.21000000000001,1
13227,202,1,257.7,1
13228,81,1,358.0,1
13229,226,1,160.95,1
13230,4,14,2806.97,0
13232,13,7,1357.6,0
13233,74,2,605.12,1
13235,212,1,1031.07,1
13236,25,2,744.85,2
13238,17,4,700.73,2
13239,262,1,329.56,1
13240,96,4,663.65,2
13242,112,3,270.40000000000003,1
13243,203,1,600.07,1
13244,93,1,121.74000000000001,1
13245,51,1,430.5,1
13246,18,6,1987.3,2
13247,18,4,501.12,2
13248,125,2,465.68,1
13249,92,3,711.41,2
13253,157,2,1030.4,1
13255,9,2,399.51,2
13258,12,3,698.58,2
13259,62,1,292.32,1
13260,61,1,557.62,1
13261,269,2,944.1,1
13262,263,1,200.29,1
13263,1,35,7454.07,0
13265,53,5,2107.66,2
13266,11,12,3834.2599999999998,0
13267,3,19,4521.49,0
13268,18,11,3214.69,0
13269,1,15,5346.2300000000005,0
13270,366,1,590.0,1
13271,37,1,217.38,1
13272,31,2,276.56,2
13273,113,1,138.98,1
13276,64,2,590.9300000000001,2
13277,16,4,258.4,2
13278,41,1,542.73,1
13279,78,1,137.75,1
13280,122,3,814.86,2
13282,18,3,1132.14,2
13283,60,2,93.66,1
13284,331,1,201.19,1
13285,23,4,2709.12,2
13291,156,1,361.11,1
13292,39,2,578.9399999999999,2
13294,190,2,873.74,1
13295,360,1,201.20000000000002,1
13296,137,1,87.4,1
13297,8,4,2089.85,2
13298,1,1,360.0,2
13299,268,1,142.5,1
13300,169,1,371.89,1
13301,104,4,618.09,2
13302,155,1,63.75,1
13304,351,1,300.42,1
13305,4,10,2000.86,0
13307,120,1,15.0,1
13308,23,3,1385.51,2
13309,7,5,1456.79,2
13310,28,3,1132.03,2
13311,4,2,598.57,2
13313,22,5,1555.32,2
13314,2,3,775.94,2
13316,37,4,5977.7300000000005,2
13317,66,6,2273.68,2
13318,1,3,640.76,2
13319,5,26,10845.550000000001,0
13320,78,4,1548.7,2
13321,72,2,567.36,1
13322,17,1,199.48000000000002,1
13323,3,5,787.85,2
13324,36,10,7121.95,0
13325,82,1,675.3,1
13327,39,8,3627.77,0
13328,316,1,1308.48,1
13329,32,2,789.0,2
13330,93,3,1140.93,2
13332,14,1,350.9,2
13334,82,3,3536.82,2
13336,77,1,795.12,1
13338,158,1,487.02,1
13339,201,1,860.12,1
13340,45,7,10736.48,0
13341,261,1,775.85,1
13343,178,1,353.43,1
13344,68,3,2543.72,2
13345,288,1,389.5,1
13347,70,1,341.36,1
13348,64,1,233.76,1
13349,11,1,247.32,2
13350,16,2,979.12,2
13351,66,1,373.94,1
13352,60,1,397.97999999999996,1
13354,71,1,743.53,1
13355,122,1,674.7,1
13356,80,1,768.24,1
13357,257,1,609.95,1
13358,269,1,439.03,1
13359,64,1,439.56,1
13362,9,4,3090.7400000000002,2
13363,18,2,992.5,2
13364,71,1,134.95999999999998,1
13365,34,2,2225.37,2
13366,50,1,56.160000000000004,1
13368,257,2,623.4,1
13369,366,1,308.28000000000003,1
13370,372,1,754.87,1
13372,90,1,378.64,1
13373,61,3,3312.25,2
13375,89,1,778.65,1
13376,99,3,1019.76,2
13379,26,3,572.56,2
13381,32,6,3639.31,0
13382,281,1,222.99,1
13384,31,7,4151.93,0
13385,330,1,534.57,1
13388,131,2,677.1,1
13389,11,3,797.96,2
13390,75,1,544.08,1
13391,204,1,59.8,1
13394,2,8,2520.02,0
13395,185,1,307.72,1
13396,29,2,1360.99,2
13397,73,5,1544.13,2
13398,192,1,457.34,1
13402,127,2,621.23,1
13403,18,1,75.0,1
13404,1,2,252.49,2
13405,74,3,572.451,2
13408,2,62,28117.04,0
13410,24,5,1003.06,2
13411,107,1,213.55,1
13414,134,3,1390.5,2
13416,44,2,712.5,2
13417,5,2,640.83,2
13418,12,18,6127.43,0
13419,64,1,221.06,1
13420,150,2,159.85,1
13421,40,2,1851.08,2
13422,64,1,2626.3,2
13425,108,3,1624.21,2
13426,1,10,3641.32,0
13427,19,3,582.6,2
13428,10,1,218.47,2
13429,11,4,1006.8,2
13430,19,2,679.45,2
13431,67,2,1269.1,2
13434,74,2,534.24,1
13435,5,7,3809.8900000000003,0
13436,2,1,196.89,2
13437,14,7,3408.06,0
13439,255,1,283.71,1
13441,92,1,296.64,1
13447,23,3,1129.14,2
13448,17,6,3539.37,0
13449,24,1,291.88,1
13450,27,6,2043.7199999999998,2
13451,26,5,2976.15,2
13452,259,2,590.0,1
13453,166,2,356.97999999999996,1
13455,25,2,1058.34,2
13456,18,6,1766.72,2
13458,7,14,9646.57,0
13460,29,2,183.44,1
13461,39,3,1445.0,2
13462,253,1,151.5,1
13464,58,1,674.68,1
13466,184,1,307.9,1
13467,11,2,1083.71,2
13468,2,37,5704.97,0
13470,99,2,165.0,1
13471,1,4,2531.58,0
13473,61,2,422.64,1
13474,236,1,229.59,1
13475,191,4,1431.78,2
13476,179,2,1238.47,1
13477,38,6,1454.58,2
13479,201,2,300.95,1
13481,46,5,1804.56,2
13482,232,1,184.64,1
13483,66,1,140.34,1
13484,241,1,313.8,1
13485,233,1,454.24,1
13486,78,3,1122.41,2
13487,58,3,575.4,2
13488,17,13,8968.31,0
13489,105,4,449.52,2
13491,52,10,1215.82,2
13492,136,3,1269.84,2
13493,275,2,618.63,1
13494,312,1,316.26000000000005,1
13495,8,5,2044.8700000000001,0
13496,11,2,653.33,2
13497,283,2,348.05,1
13499,18,5,1159.11,2
13500,23,3,1166.77,2
13501,288,1,1340.32,1
13502,17,3,292.0,2
13503,71,1,216.85,1
13504,64,1,295.93,1
13505,73,4,4393.63,2
13506,316,2,458.52,1
13507,3,4,2479.16,0
13508,244,1,110.97,1
13509,9,7,979.72,2
13510,1,4,1791.56,0
13512,261,1,251.21,1
13513,127,1,205.1,1
13514,74,1,152.20000000000002,1
13515,73,4,891.12,2
13516,21,3,1389.41,2
13517,60,3,2128.42,2
13518,86,1,659.4399999999999,1
13519,78,1,122.75,1
13520,59,6,3624.35,2
13521,1,3,1093.65,2
13522,30,1,125.80000000000001,1
13523,33,5,3964.88,2
13524,41,5,680.1800000000001,2
13525,15,2,628.78,2
13527,34,7,2287.51,0
13529,79,2,307.76,1
13531,205,2,483.8,1
13532,34,1,210.31,1
13533,183,3,270.79,1
13534,2,25,5870.08,0
13536,1,7,3448.29,0
13538,43,7,1280.85,2
13539,86,3,631.34,2
13544,40,2,291.41,1
13546,12,3,626.99,2
13548,96,2,682.41,1
13549,26,7,918.2,2
13551,319,1,91.80000000000001,1
13552,66,12,3740.07,0
13555,74,4,4149.28,2
13557,28,2,584.06,2
13558,6,4,605.06,2
13560,7,1,174.37,2
13561,216,1,141.85999999999999,1
13562,82,3,1799.33,2
13563,84,2,777.53,2
13564,144,3,1749.02,2
13565,19,2,240.22,2
13566,41,2,874.71,2
13568,173,1,192.85,1
13569,17,2,373.75,2
13570,243,1,239.49,1
13571,13,12,2092.32,0
13572,206,1,1384.25,1
13573,50,2,294.4,1
13575,23,5,732.0699999999999,2
13576,10,18,6717.34,0
13577,25,4,1687.6000000000001,2
13579,15,2,467.04,2
13581,309,1,118.0,1
13583,156,1,781.03,1
13584,307,1,142.4,1
13587,64,1,712.4,1
13588,16,9,2478.95,0
13589,15,2,379.65,2
13590,11,6,1981.92,0
13591,65,3,1117.13,2
13592,36,4,247.95999999999998,2
13593,108,5,2037.0800000000002,2
13594,53,1,396.97,1
13596,6,2,697.04,2
13598,47,1,180.17000000000002,1
13599,1,21,5153.67,0
13600,312,1,219.52,1
13601,45,2,693.32,2
13602,65,1,428.89,1
13603,26,1,164.34,1
13606,29,3,280.53999999999996,2
13607,40,1,678.01,2
13610,12,7,1131.88,2
13611,89,3,1171.8,2
13614,24,4,1610.46,2
13615,319,1,417.69,1
13617,40,3,544.18,2
13618,174,1,177.34,1
13621,117,1,213.85,1
13623,31,5,747.78,2
13626,253,1,257.23,1
13627,59,5,1638.47,2
13629,23,11,7792.36,0
13630,5,7,2031.78,0
13631,100,11,3070.42,0
13632,25,5,2121.27,2
13634,33,5,1575.16,2
13635,68,1,1071.03,1
13636,37,5,949.12,2
13637,52,3,810.5,2
13638,16,1,122.64,1
13639,74,1,1033.34,1
13642,216,1,354.8,1
13643,31,3,519.44,2
13644,16,4,2624.26,2
13645,120,1,252.1,1
13647,10,4,1678.1200000000001,2
13649,257,2,346.6,1
13650,17,6,1836.34,2
13651,35,2,94.2,1
13652,46,3,1095.08,2
13654,43,6,2707.33,2
13655,114,2,932.97,1
13656,165,2,379.65,1
13657,11,2,382.14,2
13658,10,5,2639.17,0
13659,206,2,1573.2,1
13662,86,3,897.76,2
13663,179,1,189.47,1
13666,60,3,84.65,1
13667,149,1,305.02,1
13668,3,21,6363.59,0
13669,51,2,218.55,1
13670,75,1,349.7,1
13672,301,2,186.39000000000001,1
13673,19,2,396.92,2
13675,151,2,486.82000000000005,1
13678,152,1,232.6,1
13680,1,4,3722.42,0
13681,18,4,827.83,2
13682,187,1,59.5,1
13684,286,1,67.23,1
13685,3,7,3119.44,0
13686,183,1,72.0,1
13689,63,1,910.0,1
13690,59,1,172.25,1
13692,25,3,1488.32,2
13694,4,50,65039.62,0
13695,31,15,2504.13,0
13697,39,1,151.29999999999998,1
13699,155,1,308.58000000000004,1
13700,26,10,2265.12,0
13703,318,1,99.5,1
13704,5,9,2308.06,0
13705,8,3,711.86,2
13706,303,1,330.79,1
13707,267,2,806.41,1
13708,271,1,296.88,1
13709,4,13,6328.05,0
13710,32,1,180.48,1
13711,219,2,252.06,1
13712,247,1,228.84,1
13715,281,5,1079.34,2
13716,269,1,138.28,1
13717,32,6,1445.01,2
13718,246,2,306.55,1
13719,15,5,1041.68,2
13720,117,4,799.9,2
13721,36,1,524.14,1
13722,132,3,2375.41,2
13723,217,1,199.85000000000002,1
13725,50,8,1980.56,2
13726,39,2,1079.6599999999999,2
13727,29,2,333.48,2
13728,37,6,1016.14,2
13730,136,2,752.6,1
13731,219,2,610.59,1
13732,28,1,491.86,2
13735,25,4,2885.2400000000002,2
13736,5,2,731.9,2
13737,200,1,339.59999999999997,1
13739,18,1,216.9,1
13740,241,1,350.75,1
13741,72,3,668.4300000000001,2
13742,17,12,3131.02,0
13743,3,7,1341.6,0
13744,95,2,1156.36,2
13745,162,1,300.04,1
13747,374,1,79.6,1
13748,96,5,948.25,2
13750,54,5,1647.26,2
13751,288,1,296.25,1
13752,124,6,1186.28,2
13753,288,1,741.26,1
13754,152,2,282.59999999999997,1
13755,4,9,2161.35,0
13756,2,14,5189.52,0
13758,12,7,3190.55,0
13759,33,2,659.4100000000001,2
13760,54,2,286.79,1
13761,50,2,1070.65,2
13762,219,1,306.72,1
13763,63,1,1714.96,2
13764,71,3,1521.76,2
13767,2,37,17220.36,0
13769,2,10,2796.51,0
13771,64,4,2634.45,2
13772,34,3,1132.13,2
13774,82,1,345.0,1
13777,1,33,25977.16,0
13778,103,1,178.7,1
13780,7,2,360.01,2
13781,251,1,127.84,1
13782,13,6,912.0,2
13784,10,11,2462.79,0
13786,367,1,230.39999999999998,1
13787,76,2,309.04,1
13790,4,1,348.8,2
13791,128,2,1516.0,2
13792,66,2,195.55,1
13798,1,57,37153.85,0
13799,117,2,688.86,1
13800,310,1,558.32,1
13801,67,1,324.8,1
13802,139,3,4599.42,2
13803,255,1,277.07,1
13804,31,7,2635.79,0
13805,52,2,924.6,2
13806,64,1,256.38,1
13807,367,1,112.6,1
13808,6,5,1747.66,0
13809,305,1,155.05,1
13810,29,3,1499.01,2
13811,184,3,814.5,1
13812,42,3,539.0,2
13813,40,4,1366.8600000000001,2
13814,92,2,1579.12,2
13815,22,4,4027.36,2
13816,24,2,571.6700000000001,2
13817,29,2,382.98,2
13819,302,3,1140.35,1
13821,145,2,385.64,1
13822,6,2,632.0,2
13823,19,2,957.66,2
13824,33,5,1698.94,2
13826,176,1,189.5,1
13827,58,3,412.05,2
13828,22,1,209.49,1
13831,16,6,2202.99,0
13832,19,1,52.199999999999996,1
13833,159,1,384.8,1
13835,25,4,834.57,2
13837,212,2,271.24,1
13838,6,4,691.73,2
13841,253,1,85.0,1
13842,59,9,3385.62,0
13844,11,1,361.62,2
13845,65,1,312.98,1
13846,25,3,865.0600000000001,2
13848,92,3,1255.0,2
13849,52,2,1537.95,2
13850,129,1,1595.48,1
13851,96,3,2651.46,2
13853,57,1,1090.14,2
13854,9,25,8109.5199999999995,0
13856,169,3,388.5,1
13858,57,1,216.17,1
13859,326,1,201.16,1
13860,1,5,1245.9,0
13862,18,8,2209.36,0
13863,248,1,305.78,1
13865,58,4,501.56,2
13866,74,1,145.67000000000002,1
13867,31,3,1015.29,2
13868,7,2,3192.54,2
13869,123,4,3104.95,2
13870,2,8,2770.94,0
13871,23,13,6403.25,0
13873,120,3,389.6,1
13874,358,1,540.45,1
13875,54,5,1786.79,2
13876,64,1,122.7,1
13877,86,1,117.24,1
13878,55,1,1281.53,2
13880,21,13,3219.77,0
13881,4,20,17159.52,0
13882,3,5,1191.13,0
13883,11,5,2674.48,0
13884,7,5,787.6,2
13885,189,2,506.8,1
13886,71,1,243.56,1
13887,204,1,349.55,1
13888,120,2,605.63,1
13889,93,1,416.90000000000003,1
13890,1,10,1883.8100000000002,0
13892,27,4,632.97,2
13893,298,1,821.1,1
13894,24,3,564.62,2
13895,28,4,2593.07,2
13897,50,1,311.16,1
13898,326,1,155.93,1
13899,16,2,388.52,2
13900,183,3,740.95,1
13901,72,5,2867.2,2
13904,37,2,332.64,2
13908,80,4,2369.55,2
13911,57,9,2580.91,0
13914,12,2,626.45,2
13917,50,2,272.04,1
13918,50,2,1212.8400000000001,2
13919,59,2,384.81,1
13922,352,1,172.25,1
13923,54,1,351.13,1
13924,2,6,1838.8500000000001,0
13925,93,4,678.25,2
13926,23,1,223.85000000000002,1
13927,75,1,348.99,1
13928,11,4,464.57,2
13929,169,2,842.65,1
13930,58,2,337.34,1
13931,96,2,1237.53,2
13932,295,1,307.4,1
13933,109,2,608.7900000000001,1
13934,264,1,922.1,1
13936,180,1,376.58,1
13937,169,1,158.85,1
13938,35,1,71.66,1
13939,23,3,568.55,2
13940,17,4,839.14,2
13941,22,5,5112.96,0
13946,79,3,561.5699999999999,2
13947,65,1,90.6,1
13948,361,1,102.0,1
13949,3,6,2427.32,0
13950,11,4,745.06,2
13951,176,3,674.45,1
13952,218,2,3251.071,2
13953,7,7,3515.68,0
13954,2,2,439.92,2
13955,154,2,322.96,1
13956,5,5,1026.42,2
13959,79,3,598.2,2
13960,21,2,230.22,2
13962,22,2,169.55,1
13963,308,4,664.54,1
13967,146,1,80.7,1
13969,7,18,9053.94,0
13971,19,8,2758.26,0
13972,71,2,190.25,1
13973,287,1,264.7,1
13974,49,1,413.59000000000003,1
13975,31,6,2526.28,2
13976,207,1,357.98,1
13978,15,2,196.79000000000002,2
13979,73,1,869.87,1
13980,60,1,200.14,1
13982,39,4,1871.81,2
13983,30,12,2603.43,0
13984,27,5,920.51,2
13985,4,15,7060.13,0
13986,17,1,320.46,2
13988,20,6,4147.96,0
13989,66,2,1266.08,2
13990,213,1,311.3,1
13991,12,6,855.97,2
13992,30,1,76.8,1
13993,43,9,3466.36,0
13994,4,6,2313.14,0
13995,15,5,1393.69,2
13999,10,12,3901.81,0
14000,211,1,635.66,1
14001,46,3,2043.0800000000002,2
14002,134,2,529.73,1
14004,43,7,4582.64,0
14005,10,5,2874.72,0
14006,116,3,962.19,2
14009,198,2,695.61,1
14012,278,1,328.8,1
14013,110,3,473.02,1
14014,77,1,505.18,1
14015,53,1,917.34,2
14016,162,4,4341.21,2
14019,47,3,1421.61,2
14020,17,2,642.8,2
14021,155,3,631.9,1
14022,225,1,440.0,1
14023,7,2,584.07,2
14024,122,2,327.7,1
14027,61,1,104.82,1
14029,63,2,467.66,1
14030,18,8,2360.09,0
14031,7,19,17286.86,0
14032,2,11,2975.59,0
14034,22,3,651.8199999999999,2
14035,29,5,1428.02,2
14036,285,1,626.65,1
14037,176,2,147.20000000000002,1
14038,78,3,1560.38,2
14039,33,1,152.2,1
14040,41,12,3614.92,0
14041,266,1,141.41,1
14044,27,4,652.82,2
14045,109,4,1659.75,2
14046,284,1,154.99,1
14047,9,5,1308.6100000000001,2
14048,305,1,409.93,1
14049,17,4,5681.72,0
14050,32,2,746.36,2
14051,1,23,15610.390000000001,0
14052,20,1,225.36,1
14053,124,2,260.25,1
14054,65,1,92.46,1
14055,106,1,725.6400000000001,1
14056,1,23,8214.65,0
14057,24,17,6217.96,0
14059,267,1,183.6,1
14060,5,19,6140.42,0
14062,10,12,10464.85,0
14064,29,5,1353.74,2
14066,267,1,152.55,1
14067,64,2,374.7,1
14068,320,1,265.85,1
14071,4,8,1438.82,0
14073,32,1,151.04,1
14075,5,3,942.26,2
14076,129,1,122.47,1
14077,41,5,499.41999999999996,2
14078,102,6,1049.37,2
14079,125,1,375.1,1
14080,33,1,45.599999999999994,1
14081,302,2,934.52,1
14082,365,1,182.25,1
14083,4,9,1018.43,0
14085,2,18,4448.54,0
14087,3,1,194.42,2
14088,10,13,50491.81,0
14089,57,1,161.0,1
14090,325,1,76.32000000000001,1
14092,8,14,4076.91,0
14093,12,1,442.85,2
14096,4,17,65164.79,0
14098,37,1,147.35,1
14099,16,11,3104.17,0
14100,138,1,194.9,1
14101,74,6,5976.79,0
14102,5,5,1360.28,2
14104,155,2,216.20999999999998,1
14105,239,1,1266.23,1
14107,52,7,2703.23,2
14108,31,2,597.91,2
14109,73,1,144.2,1
14110,4,12,5683.15,0
14111,14,4,692.85,2
14112,23,7,2915.15,0
14113,4,4,1840.42,2
14114,274,2,386.53,1
14116,20,5,1382.74,2
14117,144,1,90.0,1
14121,4,4,2780.15,0
14124,84,1,419.58000000000004,1
14125,11,3,2740.43,2
14126,8,3,706.1300000000001,2
14127,123,3,709.71,2
14128,61,2,637.5,2
14129,2,5,1123.8600000000001,0
14130,319,1,483.86,1
14132,2,11,3586.0299999999997,0
14133,130,3,605.64,1
14135,2,15,4690.31,0
14138,2,2,982.3800000000001,2
14139,46,1,415.82,1
14140,4,2,935.05,2
14141,3,4,915.13,2
14142,373,1,311.81,1
14143,134,1,115.8,1
14145,47,4,3742.2,2
14146,9,5,4191.0,0
14147,78,2,483.4,1
14148,234,1,157.2,1
14149,221,1,446.62,1
14150,36,2,658.64,2
14152,75,2,621.29,1
14154,239,2,1345.62,1
14155,266,1,118.75,1
14156,10,55,117379.63,0
14157,20,2,432.88,2
14158,40,1,507.66,1
14159,20,11,4693.01,0
14161,216,3,1110.52,1
14162,174,2,289.36,1
14163,87,4,2445.91,2
14164,71,2,1631.77,2
14165,276,1,122.53999999999999,1
14167,39,4,574.84,2
14171,98,1,363.79,1
14173,11,4,450.84,2
14174,33,1,134.46,1
14175,60,3,3222.3,2
14176,297,4,576.9000000000001,1
14177,86,4,559.41,2
14178,9,7,1620.93,0
14179,41,2,719.78,2
14180,11,25,4748.52,0
14184,67,1,452.89,1
14185,331,1,197.65,1
14188,31,6,2054.36,2
14189,2,15,4654.08,0
14191,2,13,4684.76,0
14193,68,2,853.39,2
14194,5,21,11349.52,0
14195,202,2,1012.0,1
14196,107,1,335.52,1
14198,18,4,701.4,2
14199,218,1,185.39999999999998,1
14201,60,7,747.44,2
14204,2,1,161.03,2
14205,17,2,466.7,2
14206,239,1,328.15999999999997,1
14208,95,1,151.74,1
14209,11,6,2073.43,0
14210,106,6,1905.8400000000001,2
14211,53,9,2241.1,0
14212,90,1,1070.48,1
14214,31,5,1004.38,2
14215,12,6,1789.72,0
14216,3,4,1839.3,0
14217,2,17,2004.98,0
14218,43,1,169.48000000000002,1
14219,4,1,89.94,2
14220,247,2,632.4,1
14221,42,9,3432.8,0
14222,177,1,683.17,1
14223,92,3,991.13,2
14224,110,4,1050.12,2
14226,29,5,2232.19,2
14227,26,10,3350.96,0
14229,52,3,1547.2,2
14231,184,3,925.71,1
14232,43,5,2048.07,2
14233,49,4,1462.72,2
14234,22,4,775.46,2
14235,75,5,3144.86,2
14236,81,2,490.86,1
14237,373,1,161.0,1
14238,326,1,146.85,1
14239,43,11,2380.85,0
14240,30,2,890.34,2
14241,184,1,213.70000000000002,1
14242,235,2,280.55,1
14243,9,10,2588.77,0
14245,220,2,1693.45,1
14246,111,3,1474.06,2
14247,278,1,136.76999999999998,1
14248,318,1,302.58,1
14250,7,3,1904.05,2
14251,2,5,2879.7000000000003,0
14256,260,2,969.0600000000001,1
14257,64,5,3099.7200000000003,2
14258,9,9,12669.98,0
14259,142,1,120.0,1
14261,51,2,1163.45,2
14262,8,8,2618.23,0
14264,155,2,333.97,1
14265,109,2,530.18,1
14267,163,3,1516.24,2
14270,332,1,492.65000000000003,1
14271,226,1,112.32,1
14272,74,2,437.96,1
14273,51,4,559.97,2
14276,99,3,1119.74,2
14277,15,3,4216.2,2
14280,197,1,134.04,1
14282,3,15,3729.34,0
14284,31,2,595.25,2
14285,21,4,1910.01,2
14286,24,3,4628.75,2
14287,8,3,176.63,2
14288,213,1,426.6,1
14289,9,6,911.26,2
14290,11,5,2314.65,0
14291,2,11,3883.25,0
14292,8,9,4871.93,0
14293,3,4,1046.56,2
14295,40,1,166.20000000000002,1
14297,18,4,1305.33,2
14298,8,44,51527.3,0
14299,8,9,3965.62,0
14300,19,1,43.2,1
14301,117,1,640.14,1
14304,223,1,383.45,1
14305,71,3,1858.96,2
14306,51,2,2093.32,2
14307,89,6,2995.72,2
14309,8,9,2352.53,0
14311,243,1,310.26,1
14312,47,6,1611.59,2
14314,107,1,120.0,1
14315,45,6,2481.13,2
14317,65,1,508.58000000000004,1
14320,207,2,477.79,1
14321,11,5,1530.75,2
14323,115,2,605.0600000000001,1
14326,242,1,183.85,1
14327,163,1,311.65,1
14329,17,7,5014.84,0
14331,124,2,462.65999999999997,1
14332,23,3,866.31,2
14333,68,1,415.2,1
14334,17,8,2552.21,0
14335,16,2,468.26,2
14336,17,4,1614.91,2
14338,161,2,588.22,1
14339,243,1,309.52,1
14340,219,1,134.7,1
14341,45,8,2182.28,0
14342,21,4,668.5600000000001,2
14344,127,8,889.9300000000001,2
14345,39,1,108.97999999999999,1
14346,121,2,1021.58,1
14348,260,1,409.57,1
14349,10,1,133.5,1
14350,274,1,282.93,1
14351,165,1,51.0,1
14352,157,4,1078.96,2
14353,215,1,90.6,1
14354,6,2,163.62,2
14355,366,1,174.4,1
14356,80,2,701.23,1
14357,43,1,225.77,1
14359,19,3,912.18,2
14360,32,4,2128.23,2
14362,22,1,161.2,1
14364,109,8,3717.35,0
14367,8,16,9261.52,0
14368,320,1,155.0,1
14371,295,1,100.5,1
14373,358,1,76.55,1
14375,185,1,257.68,1
14377,191,2,617.05,1
14379,44,2,348.1,1
14381,52,1,202.68,1
14382,26,1,626.0699999999999,2
14383,38,3,1247.69,2
14385,9,3,202.11,2
14386,297,1,142.4,1
14387,33,3,1770.56,2
14388,10,8,3212.84,0
14389,65,2,1043.46,2
14390,10,9,4652.82,0
14393,218,1,67.95,1
14395,2,9,3507.71,0
14396,65,2,487.99,1
14397,3,19,2612.96,0
14400,149,1,574.7,1
14401,4,13,4051.48,0
14403,130,4,1475.81,2
14404,34,6,1474.32,2
14406,119,1,156.75,1
14407,107,6,2157.73,2
14408,11,7,2606.53,0
14409,71,6,2059.4500000000003,2
14410,92,9,1105.07,2
14411,311,1,1063.0,1
14412,43,2,770.03,2
14413,362,1,122.7,1
14414,92,7,1496.98,2
14415,1,13,5900.28,0
14416,22,2,490.22,2
14418,4,3,1937.25,2
14419,11,6,1058.06,2
14420,99,1,387.52,1
14421,57,2,813.11,2
14422,1,6,4263.64,0
14423,218,1,265.2,1
14424,18,1,322.08,2
14426,24,10,4481.67,0
14427,50,2,363.34000000000003,1
14428,7,5,1244.83,2
14431,303,1,470.36,1
14432,10,6,2255.51,0
14434,22,6,1372.8,2
14436,99,1,89.06,1
14437,366,1,63.0,1
14438,306,1,131.9,1
14439,320,1,2661.24,1
14440,8,5,2357.6800000000003,0
14441,1,4,1712.89,0
14442,205,2,1589.82,1
14443,54,4,1420.2,2
14446,1,4,1039.58,2
14447,19,5,1163.23,2
14448,9,2,375.35,2
14449,19,4,907.1,2
14450,181,3,483.25,1
14451,60,2,662.59,2
14452,11,2,264.44,2
14453,190,1,119.93,1
14456,5,9,3062.4,0
14457,311,1,113.64,1
14459,155,1,1837.92,1
14460,110,3,434.34,1
14461,148,3,2103.06,2
14462,66,11,2004.02,0
14463,98,3,529.62,1
14465,247,3,1058.6200000000001,1
14466,29,7,2272.4,0
14467,18,4,598.76,2
14470,12,2,461.19,2
14472,104,8,1936.84,2
14473,74,2,234.34000000000003,1
14474,46,1,547.66,1
14475,72,3,925.85,2
14476,257,1,215.7,1
14477,20,4,1309.6,2
14479,254,2,316.25,1
14480,11,1,279.05,2
14481,165,2,636.51,1
14482,18,6,2068.15,2
14483,282,1,137.1,1
14484,50,1,321.92,1
14485,39,1,165.75,1
14487,27,6,1196.33,2
14488,68,1,1064.28,1
14489,207,1,463.38,1
14491,175,2,340.93,1
14493,7,5,2383.2400000000002,0
14494,26,1,139.56,1
14495,51,2,123.8,1
14496,312,2,538.8100000000001,1
14497,309,1,475.37,1
14498,43,5,1957.32,2
14499,26,3,815.32,2
14500,88,3,356.85,1
14501,184,2,251.21,1
14502,20,11,2470.67,0
14503,3,6,3543.26,0
14504,47,4,673.26,2
14505,17,8,5905.64,0
14506,17,5,2012.17,2
14507,24,6,1383.18,2
14508,22,2,276.42,2
14511,11,5,1314.81,2
14512,188,2,275.28,1
14513,101,3,455.59000000000003,1
14514,61,3,1055.35,2
14515,18,6,2102.09,0
14517,33,2,330.45,2
14518,64,1,174.37,1
14520,2,2,270.6,2
14522,24,4,974.54,2
14523,108,1,241.09,1
14524,32,9,1867.68,0
14525,20,9,4332.2,0
14527,3,55,8508.82,0
14528,37,1,364.21999999999997,1
14529,60,3,620.04,2
14530,26,6,2925.91,0
14532,236,4,932.85,1
14533,25,7,1949.72,0
14534,3,18,4447.05,0
14535,60,3,2864.19,2
14536,260,1,171.8,1
14537,58,1,355.56,1
14538,65,2,388.25,1
14539,16,2,537.48,2
14540,10,3,996.26,2
14541,59,8,1461.65,2
14542,186,1,103.25,1
14543,29,16,3630.33,0
14544,24,2,2024.45,2
14546,5,5,2578.09,0
14547,4,8,4007.54,0
14548,151,2,652.8,1
14549,311,1,289.24,1
14550,11,2,765.62,2
14551,18,2,186.23,2
14552,152,1,165.07,1
14553,19,5,859.27,2
14554,10,4,2381.04,2
14555,57,2,324.14,1
14557,85,1,788.38,1
14560,7,22,2237.77,0
14561,76,3,1080.76,2
14562,4,18,5074.77,0
14565,96,4,3099.12,2
14566,111,1,1432.0,1
14567,57,2,1530.3600000000001,2
14569,1,1,227.39,2
14570,281,2,218.06,1
14572,3,7,2832.84,0
14573,180,9,1653.42,2
14576,372,1,35.400000000000006,1
14577,13,4,859.71,2
14578,3,1,168.63,2
14581,17,1,138.6,1
14582,41,1,114.11,1
14583,6,5,1052.55,2
14584,169,4,1042.26,2
14585,50,1,157.05,1
14586,277,1,237.36,1
14587,19,9,1601.14,0
14589,372,1,39.75,1
14591,15,4,1447.14,2
14592,35,3,570.46,2
14593,22,3,617.99,2
14594,7,2,379.83,2
14595,20,6,1740.6,2
14597,11,2,883.15,2
14598,44,1,221.97,1
14600,306,1,393.33000000000004,1
14601,11,1,213.96,2
14603,275,1,660.0,1
14606,1,93,12156.65,0
14607,16,14,16569.5,0
14608,4,4,1785.15,2
14609,72,4,601.56,2
14616,243,3,406.08000000000004,1
14618,9,3,553.44,2
14619,246,1,394.44,1
14620,206,2,412.78000000000003,1
14621,1,5,1788.3600000000001,0
14622,185,1,320.58000000000004,1
14623,32,5,889.25,2
14624,57,2,225.85,1
14625,196,2,899.63,1
14626,24,4,2791.27,2
14628,91,2,671.96,1
14629,4,2,959.01,2
14631,51,3,1006.98,2
14632,263,1,114.56,1
14633,266,1,344.90000000000003,1
14636,36,2,609.85,2
14638,51,1,443.6,1
14639,52,6,2984.49,2
14640,24,6,2125.08,2
14641,22,1,110.46,1
14642,59,1,96.12,1
14643,170,2,693.8100000000001,1
14644,68,2,830.76,2
14645,157,2,597.09,1
14646,2,73,280206.02,0
14647,201,1,243.22,1
14649,5,4,1417.29,2
14651,67,2,654.6,2
14652,77,1,114.18,1
14653,1,7,1947.55,0
14655,8,4,1932.23,2
14656,169,2,291.05,1
14657,18,4,848.22,2
14658,5,2,247.15,2
14659,9,9,2529.93,0
14660,87,2,285.74,1
14661,27,1,107.95,1
14662,29,4,771.17,2
14664,20,2,637.89,2
14665,61,5,1835.7,2
14666,24,1,195.25,1
14667,11,25,9241.2,0
14669,242,3,1269.99,1
14670,280,2,411.53,1
14672,235,2,765.55,1
14673,3,5,1736.4,0
14675,16,1,604.75,2
14676,31,6,2548.2400000000002,2
14680,25,16,28754.11,0
14681,71,3,498.95,2
14682,188,2,52.0,1
14684,26,5,1236.28,2
14687,107,1,628.38,1
14688,8,21,5630.87,0
14689,209,1,112.8,1
14690,44,2,371.7,1
14691,31,5,2114.33,2
14692,137,4,591.55,2
14693,265,1,172.9,1
14696,4,7,2078.95,0
14697,218,2,188.60999999999999,1
14698,2,5,1250.76,0
14699,214,1,109.13000000000001,1
14700,32,3,2235.3,2
14701,11,9,2549.37,0
14702,1,17,3292.14,0
14703,15,1,318.17,2
14704,11,9,1546.91,0
14705,199,1,179.0,1
14708,3,3,1126.37,2
14709,15,13,4921.04,0
14710,14,4,606.13,2
14711,10,11,2868.8,0
14712,29,3,917.07,2
14713,9,11,2666.36,0
14714,24,1,160.19,1
14715,25,4,867.38,2
14716,43,2,329.68,1
14719,2,5,1602.13,0
14720,6,3,663.81,2
14722,147,1,187.92000000000002,1
14723,10,6,1158.3,2
14725,25,1,718.08,2
14727,274,1,268.58,1
14729,374,1,313.49,1
14730,1,8,2005.06,0
14731,47,3,380.02,2
14732,8,8,2702.4900000000002,0
14733,16,12,9585.91,0
14735,4,32,6065.69,0
14737,4,3,1164.55,2
14738,43,7,1314.45,2
14739,4,7,3902.28,0
14740,197,3,1448.21,2
14741,12,6,1400.34,2
14744,16,7,1099.98,2
14745,113,5,1220.26,2
14747,249,1,328.2,1
14748,29,5,1415.75,2
14752,44,1,389.64,1
14753,87,1,563.15,1
14754,45,2,638.05,2
14755,10,11,5010.28,0
14756,15,1,738.96,2
14757,75,1,420.5,1
14758,145,4,1484.06,2
14759,5,3,1625.97,2
14760,297,1,89.2,1
14761,59,2,255.9,1
14762,264,1,300.52,1
14764,47,1,278.3,1
14765,29,3,254.11,2
14766,8,6,2473.37,0
14768,17,2,192.60000000000002,2
14769,3,8,10674.75,0
14770,232,2,876.42,1
14772,112,1,139.26,1
14775,58,3,1011.9,2
14776,51,11,2538.3,0
14778,127,2,730.86,1
14779,281,3,386.15,1
14780,55,2,447.68,1
14782,320,1,200.10000000000002,1
14784,26,2,289.99,2
14785,10,2,77.4,1
14788,7,2,679.4399999999999,2
14789,29,1,197.64,1
14790,17,4,745.06,2
14792,64,1,6.2,1
14793,21,1,228.99,1
14794,3,7,1319.91,0
14795,166,1,131.45000000000002,1
14796,1,17,8022.49,0
14798,53,3,173.74,1
14799,51,1,157.7,1
14800,48,12,4339.74,0
14801,61,1,193.14,1
14803,162,3,845.55,1
14804,9,1,353.27,2
14805,15,4,554.65,2
14806,75,1,193.39000000000001,1
14808,40,8,2741.17,0
14810,41,11,2087.88,0
14813,370,2,155.43,1
14815,37,2,778.5,2
14816,197,1,271.85,1
14817,200,2,1110.34,1
14818,74,3,657.8,2
14819,64,2,272.07,1
14820,21,4,507.29,2
14821,367,1,48.800000000000004,1
14823,180,3,321.43,1
14824,10,4,1127.71,2
14825,4,12,2226.91,0
14828,197,3,2139.76,2
14829,29,4,697.55,2
14830,53,1,197.13,1
14834,18,6,1720.3,2
14836,10,3,102.44999999999999,2
14837,90,4,1649.5,2
14840,268,1,62.85,1
14841,53,6,3295.76,2
14842,44,4,2824.69,2
14844,64,4,3189.81,2
14847,149,1,309.4,1
14849,22,25,7930.54,0
14850,312,1,325.75,1
14851,23,2,511.35,2
14852,58,6,2836.69,2
14853,24,2,475.8,2
14854,78,7,2759.83,2
14855,119,2,645.65,1
14856,36,3,1311.3799999999999,2
14857,60,2,1173.12,2
14859,13,4,1353.74,2
14860,19,1,170.32,1
14861,52,1,125.79,1
14862,26,2,841.1999999999999,2
14863,29,1,266.76,1
14865,7,2,52.2,1
14866,11,12,14389.9,0
14867,186,3,710.28,1
14868,3,8,2953.59,0
14869,9,2,725.7,2
14870,262,1,327.25,1
14871,3,4,522.38,2
14873,210,1,519.68,1
14875,108,2,1465.3200000000002,2
14878,13,9,1485.54,0
14880,77,3,706.19,2
14881,20,1,255.4,1
14882,27,2,589.7,2
14883,19,6,761.59,2
14885,132,1,765.3199999999999,1
14886,253,1,364.8,1
14887,79,1,1862.0,2
14888,207,1,369.2,1
14889,336,1,135.9,1
14890,254,1,125.65,1
14891,148,2,554.38,1
14893,10,2,1237.8500000000001,2
14894,85,1,655.75,1
14895,8,20,11138.710000000001,0
14896,205,2,468.77000000000004,1
14897,8,4,1366.38,2
14898,23,6,1303.52,2
14901,11,9,1421.29,0
14902,26,1,332.66,1
14903,21,5,2810.63,2
14904,2,2,1025.44,2
14905,158,2,616.15,1
14907,3,7,3501.1,0
14908,74,1,277.8,1
14910,3,4,434.35,2
14911,1,201,143825.06,0
14912,17,2,867.85,2
14913,36,4,1227.43,2
14915,91,2,307.48,1
14916,71,4,1268.98,2
14918,116,2,1610.15,2
14920,213,2,977.77,1
14921,30,2,1316.07,2
14923,51,1,749.1,1
14924,246,1,310.05,1
14929,32,1,223.88,1
14930,109,3,2372.86,2
14931,5,5,1257.68,2
14932,366,1,363.53,1
14934,82,2,1890.94,2
14935,297,1,1784.71,1
14936,34,8,8137.02,0
14937,57,3,1621.88,2
14944,30,12,5900.25,0
14946,14,1,100.9,1
14947,72,2,290.82,1
14948,23,6,1101.97,2
14950,19,1,371.2,2
14951,79,1,311.69,1
14952,60,11,8099.49,0
14953,25,1,289.82,1
14954,12,1,336.17,2
14957,253,1,58.49,1
14958,147,3,499.68,1
14959,64,4,695.42,2
14960,8,2,221.27,2
14961,11,9,7044.68,0
14962,271,1,126.7,1
14963,10,5,1487.8,2
14964,247,1,206.21,1
14965,96,2,599.0,1
14966,15,1,191.32,1
14967,50,1,463.8,1
14968,30,1,147.59,1
14970,68,4,1592.06,2
14971,35,3,1116.57,2
14972,128,1,114.77,1
14973,107,3,1314.45,2
14974,37,1,114.39,1
14975,57,1,279.94,1
14976,57,7,790.86,2
14978,72,5,1931.42,2
14981,246,1,102.12,1
14984,19,2,213.27,2
14985,198,2,296.75,1
14987,16,2,326.4,2
14988,212,1,334.54,1
14995,39,2,233.23000000000002,1
14997,46,3,546.1999999999999,2
14998,170,2,429.87,1
15000,48,1,490.52,1
15002,116,4,1641.76,2
15004,147,1,1246.32,1
15005,16,28,6316.57,0
15006,51,1,502.09,1
15007,159,1,156.91,1
15009,12,3,1261.78,2
15010,36,1,308.94,1
15012,54,2,423.04,1
15014,43,2,260.17,1
15016,173,1,170.04,1
15017,34,1,125.58,1
15018,39,3,496.21000000000004,2
15019,267,1,266.0,1
15021,9,9,1914.82,0
15022,12,4,905.04,2
15023,3,11,6802.76,0
15024,10,10,1661.33,0
15025,33,1,377.01,1
15026,80,3,469.0,2
15027,31,4,1066.1499999999999,2
15028,8,4,627.13,2
15030,72,2,518.28,1
15031,4,4,668.14,2
15032,256,3,4959.1,2
15033,5,10,2586.67,0
15034,16,8,4308.61,0
15035,90,1,252.73000000000002,1
15036,72,3,465.55,2
15038,59,6,705.49,2
15039,10,47,19914.44,0
15041,170,1,180.35,1
15042,199,1,135.93,1
15043,31,1,537.0,2
15044,19,17,7700.2300000000005,0
15045,152,2,735.66,1
15046,9,15,5213.7699999999995,0
15047,270,1,343.62,1
15048,65,4,384.05,2
15049,274,1,121.17000000000002,1
15050,25,3,1782.09,2
15051,23,3,1391.61,2
15052,319,1,215.78,1
15053,5,3,697.79,2
15054,12,2,302.1,2
15057,275,2,1489.5,1
15058,25,11,2124.9900000000002,0
15059,41,9,1337.72,2
15060,8,4,303.09,2
15061,4,48,54534.14,0
15062,71,4,987.86,2
15063,213,1,370.79999999999995,1
15065,38,4,3158.13,2
15066,53,1,893.59,2
15067,78,3,1744.76,2
15068,46,2,553.36,2
15069,179,1,1109.53,1
15070,373,1,106.2,1
15071,94,2,982.07,2
15073,10,3,1043.41,2
15074,105,1,748.87,1
15075,78,1,773.03,1
15076,173,1,880.85,1
15078,7,32,9743.11,0
15079,213,4,895.61,2
15081,22,5,504.8,2
15083,257,1,88.2,1
15087,282,1,306.94,1
15088,21,2,1160.07,2
15089,10,6,2420.84,0
15090,308,1,381.32,1
15091,68,1,480.71,1
15092,215,2,457.81,1
15093,18,6,4597.02,0
15095,104,4,1370.6,2
15096,43,1,219.39000000000001,1
15097,4,1,248.08,2
15098,182,3,39916.5,0
15099,84,1,410.48,1
15100,334,3,876.0,1
15101,9,2,317.53,2
15103,31,2,703.36,2
15104,197,2,1027.44,1
15105,18,7,2298.93,0
15106,18,5,1422.52,2
15107,311,6,319.5,1
15108,142,4,1300.25,2
15109,246,1,484.95,1
15110,24,4,996.1,2
15111,29,3,1567.48,2
15113,10,3,3609.33,2
15114,30,10,2760.56,0
15115,18,1,340.11,2
15116,18,4,1352.75,2
15117,15,5,1551.78,2
15118,134,1,244.8,1
15119,246,1,266.4,1
15120,134,1,358.82,1
15121,50,2,457.72,2
15122,114,3,1633.78,2
15123,7,2,2199.31,2
15124,23,2,184.19,1
15125,25,15,11528.48,0
15127,66,1,406.53,1
15128,60,4,1471.0,2
15129,50,11,3447.4,0
15130,170,1,330.11,1
15132,18,5,977.9300000000001,2
15133,128,3,982.42,2
15134,15,8,1387.99,0
15135,239,1,139.05,1
15136,3,4,1286.7,2
15139,240,2,178.96,1
15140,52,7,2354.25,2
15142,46,1,498.74,1
15143,226,1,259.45,1
15144,8,17,6580.44,0
15145,4,4,1194.73,2
15146,165,2,1327.16,1
15147,240,1,623.5,1
15148,11,1,301.29,2
15149,134,1,520.8000000000001,1
15150,17,10,5314.47,0
15152,10,13,4745.69,0
15153,31,1,329.25,1
15154,75,1,296.42,1
15156,1,3,961.49,2
15157,4,3,1936.07,2
15158,45,1,401.40000000000003,1
15159,2,30,18641.010000000002,0
15160,357,1,158.16,1
15163,18,2,304.47,2
15164,69,3,843.05,2
15165,373,1,487.75,1
15167,321,1,163.0,1
15168,26,1,106.56,1
15171,331,1,1289.5,1
15172,9,5,1624.05,2
15174,323,1,135.75,1
15175,72,1,224.14,1
15178,260,1,40.5,1
15179,18,5,2206.95,2
15180,367,1,87.5,1
15181,66,3,689.4799999999999,2
15182,154,2,622.85,1
15184,29,2,406.76,2
15185,70,1,310.62,1
15186,14,2,411.41,2
15187,2,16,4777.18,0
15189,1,41,16225.39,0
15192,120,3,1044.32,2
15193,61,1,499.32,1
15194,3,15,7616.53,0
15195,3,1,3861.0,2
15197,11,3,1079.6100000000001,2
15198,92,2,193.64,1
15199,59,4,1268.7,2
15201,87,5,1236.54,2
15203,26,6,1827.8,2
15204,357,1,316.58,1
15205,85,2,653.24,1
15206,10,4,420.29999999999995,2
15208,1,5,870.12,0
15210,225,1,331.18,1
15211,60,2,894.4100000000001,2
15212,241,1,101.8,1
15213,319,2,328.35,1
15214,2,8,1661.44,0
15215,47,3,734.94,2
15216,88,1,96.6,1
15218,11,11,5756.89,0
15219,176,1,305.75,1
15220,52,6,1778.96,2
15221,366,1,403.25,1
15222,319,1,585.0,1
15223,226,2,755.75,1
15224,358,2,322.08,1
15225,234,1,409.40000000000003,1
15226,311,1,154.41,1
15227,37,5,1219.4,2
15228,66,4,3386.71,2
15230,239,2,429.6,1
15232,113,2,612.06,1
15234,277,1,197.0,1
15235,218,12,2247.51,0
15236,299,1,321.05,1
15237,2,4,1412.32,2
15238,29,3,1071.99,2
15239,10,2,780.59,2
15240,45,5,1706.57,2
15241,67,8,1756.44,2
15243,74,1,316.68,1
15244,65,2,631.57,2
15245,134,3,2515.84,2
15246,238,2,514.15,1
15247,122,1,356.0,1
15249,32,13,6688.46,0
15251,9,11,10484.99,0
15252,36,2,740.78,2
15253,16,5,918.1999999999999,2
15254,127,1,300.36,1
15255,67,1,890.85,1
15256,149,1,98.45,1
15257,283,1,317.15,1
15258,169,2,623.16,1
15260,100,7,1810.77,2
15261,135,1,254.82,1
15262,324,1,178.95000000000002,1
15263,107,1,156.51,1
15264,64,1,393.74,1
15265,151,2,1506.1200000000001,2
15266,338,1,119.3,1
15267,22,5,1717.36,2
15269,24,1,408.8,2
15270,16,7,2379.49,0
15271,7,15,2507.07,0
15272,57,2,721.94,2
15274,4,2,716.57,2
15275,38,1,615.14,1
15276,66,1,135.31,1
15277,47,1,255.89999999999998,1
15279,355,1,290.51,1
15280,172,1,113.12,1
15281,59,9,2332.15,0
15286,50,1,240.55,1
15287,22,2,486.69,2
15288,43,5,2306.52,2
15289,29,3,939.78,2
15290,5,18,7943.22,0
15291,26,15,4668.3,0
15292,201,1,180.94,1
15296,51,6,3672.86,2
15297,10,3,641.94,2
15298,2,12,4799.9,0
15299,67,7,4507.01,0
15300,64,1,496.44,1
15301,51,12,5070.35,0
15303,290,1,574.02,1
15304,61,8,694.4000000000001,2
15306,64,3,1174.35,2
15307,96,1,205.3,1
15308,274,1,310.47,1
15311,1,91,60767.9,0
15312,75,4,924.85,2
15313,110,1,52.0,1
15314,199,1,327.97,1
15315,64,2,570.5,2
15316,327,1,165.0,1
15318,4,1,312.62,2
15319,284,1,204.5,1
15320,44,1,267.13,1
15321,71,3,2748.31,2
15322,86,1,679.68,1
15325,104,1,162.29,1
15326,334,1,311.71,1
15327,53,1,208.75,1
15329,39,3,1049.7,2
15330,32,2,714.96,2
15332,366,4,1661.06,2
15333,208,1,1028.56,1
15334,157,3,351.67,1
15335,54,1,173.97,1
15339,66,2,574.07,1
15341,81,1,2020.52,2
15342,130,1,406.09,1
15343,87,1,364.5,1
15344,1,3,563.94,2
15345,46,1,393.54,1
15346,333,1,252.42000000000002,1
15347,366,1,201.60000000000002,1
15348,72,1,158.04,1
15349,158,2,473.81,1
15350,373,1,115.65,1
15351,12,7,1960.1100000000001,0
15353,255,2,777.02,1
15355,29,2,277.05,2
15356,31,10,2766.5,0
15358,5,22,8347.2,0
15360,40,1,427.93,1
15361,362,1,418.92,1
15363,373,1,326.0,1
15364,96,2,913.19,2
15365,26,7,2314.32,0
15366,75,2,602.51,1
15367,57,4,1877.59,2
15368,21,1,446.94000000000005,2
15370,41,7,2386.05,2
15372,137,1,2007.3999999999999,1
15373,8,12,2415.91,0
15374,129,1,168.0,1
15376,40,3,1233.3600000000001,2
15379,169,7,3703.29,2
15380,9,5,1690.2600000000002,2
15381,214,2,596.85,1
15382,15,6,5955.71,0
15384,170,2,642.41,1
15385,40,1,316.88,1
15386,186,1,394.14,1
15388,270,1,140.54,1
15389,172,1,500.0,1
15392,5,4,1535.53,2
15393,16,2,231.86,2
15394,10,4,2183.54,2
15395,326,1,107.45,1
15396,113,1,288.18,1
15397,290,1,94.0,1
15398,16,2,1345.53,2
15399,1,3,815.77,2
15400,92,5,716.2,2
15402,149,2,626.77,1
15405,189,1,349.1,1
15406,31,2,510.71000000000004,2
15407,34,4,1056.44,2
15408,264,1,267.18,1
15410,84,8,3450.84,0
15411,26,4,1358.88,2
15412,171,1,190.53,1
15414,10,3,774.9000000000001,2
15415,313,1,572.8100000000001,1
15416,65,4,3984.32,2
15417,85,1,508.8,1
15419,25,1,135.86,1
15421,59,4,950.36,2
15422,323,2,97.7,1
15423,38,1,43.5,1
15424,254,2,383.34,1
15426,19,5,1447.39,2
15427,33,3,1483.14,2
15428,15,1,93.78,1
15429,27,2,397.35,2
15432,23,1,171.19,1
15433,214,2,533.3,1
15434,8,5,1041.48,2
15435,22,1,149.29,1
15436,12,3,1122.53,2
15437,262,1,200.16,1
15438,131,1,156.57999999999998,1
15440,55,3,383.68,2
15442,249,1,594.0,1
15443,2,7,3236.91,0
15444,9,2,1418.26,2
15445,264,1,113.5,1
15447,331,1,155.17,1
15448,313,1,494.64,1
15449,26,3,974.52,2
15450,30,1,429.84,1
15452,30,3,538.73,2
15453,2,7,1388.37,0
15454,362,1,179.1,1
15456,283,3,447.22,1
15457,262,1,237.07,1
15458,25,1,161.64,1
15460,354,1,216.76,1
15462,94,3,234.6,1
15463,29,1,126.14,1
15464,338,1,1048.85,1
15465,20,18,7354.62,0
15466,85,1,334.53,1
15467,9,3,524.88,2
15468,51,2,467.51,2
15469,50,2,538.55,2
15471,2,1,469.48,2
15472,113,1,371.56,1
15473,14,7,1771.2,0
15475,77,1,454.10999999999996,1
15478,40,2,1441.42,2
15480,116,1,905.5,1
15482,16,12,11054.96,0
15483,161,4,233.81,1
15484,1,4,3594.31,0
15485,30,3,2575.0,2
15488,93,1,91.32000000000001,1
15489,23,3,1134.28,2
15491,95,6,3100.09,2
15492,28,2,659.4599999999999,2
15493,33,5,2001.8,2
15494,21,2,1299.23,2
15497,18,2,1262.2,2
15498,3,27,13316.4,0
15500,8,4,1131.56,2
15502,16,12,10384.93,0
15503,363,1,147.09,1
15504,81,1,52.83,1
15505,53,5,3610.96,2
15506,23,3,979.26,2
15507,172,1,492.36,1
15508,189,6,1000.27,2
15510,331,1,250.0,1
15511,12,5,909.23,2
15512,156,2,121.0,1
15513,33,19,14758.220000000001,0
15514,12,11,4139.46,0
15516,45,3,62.43,1
15517,233,1,267.03,1
15518,64,8,1942.45,2
15520,2,1,343.5,2
15521,40,8,3000.2,0
15522,33,2,398.84,2
15523,84,1,412.01000000000005,1
15524,25,1,440.0,2
15525,2,3,825.92,2
15526,33,2,148.44,1
15527,19,8,2429.78,0
15528,254,1,229.33,1
15529,23,11,3995.23,0
15530,22,4,1502.35,2
15531,8,2,2007.44,2
15532,25,4,1580.93,2
15533,19,3,807.57,2
15535,173,4,536.4,1
15537,163,1,110.92,1
15539,7,1,538.46,2
15540,11,1,213.3,2
15541,114,1,85.13000000000001,1
15543,288,1,127.86,1
15544,9,9,3546.71,0
15545,54,2,292.71999999999997,1
15547,7,14,4954.84,0
15549,77,3,1693.26,2
15550,4,4,575.63,2
15551,37,1,436.06,1
15552,217,1,90.12,1
15553,60,1,437.23,1
15554,278,1,217.2,1
15555,12,16,4805.17,0
15556,24,1,279.77,1
15557,29,1,473.65000000000003,1
15561,12,4,800.59,2
15562,352,1,134.55,1
15563,22,4,1400.44,2
15565,50,2,173.16,1
15567,19,1,186.01,1
15568,3,3,758.29,2
15569,104,5,1375.71,2
15570,7,12,4165.52,0
15571,12,4,650.4300000000001,2
15572,5,7,2552.86,0
15573,32,2,607.45,2
15574,178,4,702.25,1
15576,38,1,940.6700000000001,2
15577,151,3,258.88,1
15578,162,1,127.1,1
15579,69,2,348.6,1
15581,121,13,3679.9700000000003,0
15582,25,3,682.9100000000001,2
15584,24,4,725.11,2
15585,177,1,455.3,1
15587,50,4,913.6800000000001,2
15589,256,3,478.53000000000003,1
15592,47,1,388.58,1
15593,71,1,199.8,1
15594,16,5,1771.78,2
15596,101,5,1406.59,2
15597,35,1,324.57,1
15598,53,1,240.68,1
15599,27,2,761.74,2
15601,11,14,6776.56,0
15602,8,9,1297.8700000000001,0
15603,79,1,48.480000000000004,1
15604,52,1,216.39,1
15605,36,5,1198.23,2
15606,61,9,2920.16,0
15607,337,1,104.76,1
15608,28,4,1093.68,2
15609,184,1,298.48,1
15610,52,1,112.46000000000001,1
15611,10,13,1591.45,0
15612,36,2,195.15,1
15615,10,23,10399.74,0
15618,33,4,776.851,2
15619,11,1,336.40000000000003,2
15620,57,3,1553.18,2
15621,4,4,1293.03,2
15622,43,9,3709.56,0
15623,141,1,301.03,1
15624,117,4,588.13,2
15625,104,4,1534.26,2
15626,75,2,675.8,2
15628,5,9,2870.2400000000002,0
15630,45,2,1186.35,2
15632,16,8,3285.31,0
15634,17,1,243.55,1
15636,90,2,724.76,1
15637,53,1,223.36,1
15639,134,1,425.32,1
15640,4,15,12515.66,0
15641,105,4,1887.2,2
15643,192,3,664.0,1
15644,166,4,813.0,2
15645,19,1,612.01,2
15646,158,3,447.64000000000004,1
15648,204,2,657.35,1
15649,336,2,816.0,1
15651,37,3,646.3,2
15652,91,1,337.74,1
15653,93,2,877.4399999999999,2
15654,9,2,922.53,2
15655,243,1,560.67,1
15656,45,4,748.5,2
15657,23,1,30.0,1
15658,190,5,1024.1000000000001,2
15659,44,1,306.45,1
15660,25,9,1600.86,0
15661,317,2,309.8,1
15663,106,1,138.14,1
15664,51,1,386.43,1
15665,168,2,2242.01,2
15667,40,1,301.32,1
15668,218,1,76.32000000000001,1
15669,40,4,684.34,2
15670,297,1,173.05,1
15671,19,7,2657.13,0
15673,88,4,2881.02,2
15674,73,5,2446.6,2
15675,81,3,323.69,1
15676,19,3,3435.76,2
15677,49,1,657.23,1
15678,53,1,352.7,1
15679,24,4,781.28,2
15680,9,3,1333.68,2
15681,25,5,1426.16,2
15683,117,1,193.75,1
15687,9,9,2993.1,0
15689,120,2,254.1,1
15690,4,2,239.76,2
15691,252,1,136.8,1
15692,28,1,191.04,1
15694,1,14,6479.4,0
15695,267,2,409.98,1
15696,33,8,2736.46,0
15699,18,1,309.65,2
15700,172,2,696.68,1
15701,2,4,1542.14,0
15703,265,1,211.5,1
15704,140,4,2293.62,2
15705,201,1,143.1,1
15706,64,4,1060.56,2
15707,35,4,945.58,2
15708,41,7,3364.2400000000002,0
15709,284,1,133.25,1
15712,9,5,1072.3600000000001,2
15713,143,2,356.7,1
15714,12,2,330.88,2
15716,146,4,1118.81,2
15717,234,1,150.3,1
15719,33,13,5045.61,0
15720,24,1,598.73,2
15721,12,1,507.08,2
15722,36,5,2222.56,2
15723,365,1,203.1,1
15724,201,2,218.25,1
15725,15,1,415.25,2
15727,17,7,5178.96,0
15729,213,1,85.0,1
15730,66,3,1120.88,2
15732,212,2,294.12,1
15733,283,1,162.3,1
15734,115,2,1339.45,2
15737,15,8,1205.1200000000001,0
15738,19,16,4812.42,0
15739,66,1,449.12,1
15740,49,1,154.88,1
15743,16,4,784.46,2
15744,78,1,34.8,1
15745,19,4,1094.59,2
15746,134,1,196.88,1
15747,13,3,974.04,2
15748,40,1,149.31,1
15749,235,3,44534.3,0
15750,3,8,2465.48,0
15752,40,7,2637.38,0
15753,305,1,79.2,1
15754,51,3,458.57,2
15755,10,6,2364.25,0
15756,61,4,532.96,2
15757,66,2,714.42,2
15758,25,1,205.25,1
15759,218,3,253.04,1
15762,65,2,583.75,2
15763,32,2,1086.92,2
15764,88,6,3279.97,2
15766,64,1,315.06,1
15768,116,3,621.8299999999999,1
15769,7,26,56252.72,0
15773,6,1,635.6800000000001,2
15774,69,1,270.8,1
15775,245,1,104.9,1
15776,133,1,241.62,1
15777,241,4,1047.11,2
15780,184,3,475.28000000000003,1
15781,25,3,345.46,2
15782,10,3,2614.7400000000002,2
15783,11,1,246.3,2
15785,33,5,2328.9700000000003,2
15786,46,3,4932.2,2
15787,26,3,948.05,2
15789,358,1,351.3,1
15790,10,1,220.85,2
15791,44,2,1612.69,2
15793,15,3,965.61,2
15795,150,1,610.01,1
15796,1,8,2711.56,0
15797,113,4,2207.4,2
15799,76,3,884.14,2
15800,107,2,699.08,1
15801,46,3,1063.95,2
15802,143,1,451.42,1
15803,51,1,415.82000000000005,1
15804,1,13,4206.39,0
15805,23,17,5528.4800000000005,0
15806,46,3,784.58,2
15807,50,3,903.9,2
15808,306,4,3734.9700000000003,2
15809,36,5,515.77,2
15810,79,4,1391.98,2
15811,22,6,2218.62,2
15812,107,5,1801.14,2
15813,208,2,1303.9099999999999,1
15814,17,4,1945.33,2
15815,64,5,2100.6,2
15819,49,4,1905.45,2
15820,320,1,206.98,1
15821,44,2,570.96,2
15822,3,2,885.47,2
15823,372,1,15.0,1
15825,172,1,532.94,1
15826,56,3,1654.31,2
15827,73,14,1836.0900000000001,0
15829,99,2,636.14,1
15830,38,1,576.0,1
15831,58,3,801.76,2
15832,254,1,836.79,1
15834,70,4,2233.75,2
15835,44,4,954.09,2
15836,50,1,137.37,1
15837,65,1,391.98,1
15838,11,19,33643.08,0
15839,33,3,1048.49,2
15840,59,2,355.56,1
15841,73,4,1224.06,2
15843,304,1,118.95000000000002,1
15844,46,1,130.73999999999998,1
15845,18,8,3711.77,0
15847,38,2,389.27,2
15850,19,2,238.85,2
15852,187,2,160.71,1
15853,52,1,110.8,1
15854,4,12,2974.65,0
15855,137,5,712.24,2
15856,4,27,16387.57,0
15857,19,1,297.0,1
15858,16,5,1438.85,2
15860,41,8,977.21,2
15861,12,8,3165.36,0
15862,8,4,832.88,2
15863,26,2,68.84,1
15864,22,6,1936.3200000000002,2
15865,41,3,895.13,2
15866,101,1,230.53,1
15867,5,15,3812.64,0
15869,277,2,149.64,1
15870,33,1,354.09000000000003,1
15872,15,2,360.93,2
15874,64,7,4405.88,0
15877,2,2,493.28,2
15880,369,1,343.28000000000003,1
15881,312,5,501.39000000000004,1
15882,199,4,516.36,1
15883,2,2,396.48,2
15885,93,3,379.35,1
15886,60,1,181.09,1
15888,81,1,168.31,1
15889,157,2,446.87,1
15891,227,1,524.52,1
15894,253,2,263.55,1
15895,150,1,179.17,1
15897,194,2,222.05,1
15898,1,5,1388.88,0
15899,369,1,56.25,1
15900,24,1,351.11,1
15901,17,3,363.88,2
15903,10,7,5126.76,0
15904,8,1,164.68,2
15906,20,7,1567.69,2
15907,4,3,967.45,2
15909,174,1,191.94,1
15910,1,8,1232.18,0
15912,178,2,264.62,1
15916,16,8,1528.09,0
15917,248,1,123.1,1
15918,191,2,334.23,1
15919,20,2,639.89,2
15920,154,4,167.5,1
15921,173,1,336.03000000000003,1
15922,373,1,369.5,1
15923,373,1,127.08,1
15925,194,1,207.15,1
15930,67,1,426.63,1
15932,4,8,2495.87,0
15933,21,3,1107.46,2
15935,239,2,416.86,1
15937,64,1,145.35,1
15938,112,5,404.58,2
15939,90,15,6115.01,0
15940,311,1,35.8,1
15942,134,1,337.44,1
15944,277,1,325.1,1
15945,365,1,181.0,1
15947,83,1,1708.24,2
15948,8,2,955.24,2
15949,17,2,364.72,2
15950,32,4,1765.51,2
15951,9,2,708.22,2
15952,34,4,806.57,2
15953,15,8,1659.3799999999999,0
15955,24,14,4416.26,0
15957,32,1,428.89,1
15958,74,1,104.35,1
15963,20,2,470.76,2
15965,17,4,845.64,2
15967,23,2,418.83,2
15969,3,3,666.1,2
15970,304,1,314.1,1
15971,18,12,4199.85,0
15973,367,1,307.82000000000005,1
15974,39,7,3442.15,0
15975,84,1,371.01,1
15976,165,2,430.94,1
15977,17,2,1054.73,2
15978,77,1,1098.78,1
15980,89,3,2398.86,2
15981,25,8,3408.48,0
15983,22,4,1475.02,2
15984,3,10,2837.67,0
15985,123,2,1142.42,2
15986,30,1,168.12,1
15987,12,7,1451.28,0
15988,19,1,158.03,1
15990,44,2,792.11,2
15992,4,1,41.989999999999995,1
15993,9,7,2797.57,0
15994,55,1,427.07,1
15996,88,6,1060.68,2
15998,37,5,3089.97,2
16000,3,3,12393.7,0
16003,30,5,2735.37,2
16005,12,4,615.39,2
16006,211,1,101.4,1
16007,48,4,1701.94,2
16008,24,3,478.78,2
16009,22,4,992.71,2
16010,246,3,407.5,1
16011,8,16,3362.71,0
16012,35,3,1415.29,2
16013,4,47,37130.6,0
16014,38,3,662.38,2
16015,4,3,705.39,2
16016,3,8,1508.76,0
16017,47,1,211.88,1
16018,39,2,408.90000000000003,2
16019,47,9,3786.2400000000002,0
16020,17,3,851.01,2
16022,260,1,628.28,1
16023,46,3,719.81,2
16024,12,1,251.24,2
16025,30,1,439.65999999999997,1
16026,43,1,236.09,1
16027,92,6,934.62,2
16029,39,63,81024.84,0
16030,310,1,331.24,1
16031,92,2,548.94,1
16033,6,20,8816.4,0
16034,196,3,437.7,1
16036,87,2,758.92,1
16037,270,3,855.02,1
16038,8,3,471.78000000000003,2
16040,65,3,1313.55,2
16041,31,3,3166.4,2
16042,22,5,1197.27,2
16043,38,4,773.99,2
16045,120,4,1340.7,2
16048,373,2,256.44,1
16049,40,3,1111.79,2
16050,174,1,137.9,1
16052,54,1,362.06,1
16053,33,2,1511.95,2
16054,145,1,783.9,1
16055,221,1,134.8,1
16056,45,1,664.85,1
16057,16,7,2263.12,0
16059,66,6,1459.8600000000001,2
16062,10,4,1153.62,2
16063,260,1,335.32,1
16065,365,1,372.09,1
16066,17,5,1521.87,2
16070,22,2,852.15,2
16071,45,1,326.24,1
16072,288,1,584.3199999999999,1
16073,297,1,122.39999999999999,1
16076,3,10,2234.73,0
16078,284,1,79.2,1
16079,17,3,1352.0,2
16080,82,2,217.16,1
16081,56,5,2806.9,2
16083,101,2,1317.62,2
16084,299,1,436.18,1
16085,23,5,981.51,2
16086,59,5,1121.39,2
16091,155,2,315.06,1
16092,115,3,817.86,2
16093,107,1,17.0,1
16094,12,4,1078.23,2
16096,264,1,320.62,1
16097,240,1,185.04999999999998,1
16098,88,7,2005.63,2
16099,50,3,731.9,2
16101,71,1,1290.7,2
16102,42,3,1842.14,2
16103,7,6,1429.64,0
16104,62,1,302.36,1
16105,249,1,336.96,1
16106,66,1,108.38,1
16107,18,7,3204.1600000000003,0
16108,85,1,842.5,1
16109,219,2,611.88,1
16110,45,3,1337.48,2
16112,143,4,195.73999999999998,1
16113,183,1,161.38,1
16114,171,1,135.75000000000003,1
16115,10,8,1667.97,0
16116,212,1,612.78,1
16117,190,1,232.21,1
16119,8,2,423.36,2
16120,59,4,1309.14,2
16121,57,2,867.11,2
16122,73,4,684.4200000000001,2
16123,52,1,307.78,1
16124,317,1,249.0,1
16125,367,1,289.35,1
16126,29,4,6287.77,0
16127,39,1,656.25,2
16128,18,5,1880.22,2
16131,52,6,3506.54,2
16133,4,33,14589.04,0
16134,22,2,618.09,2
16135,263,1,517.55,1
16136,60,3,709.38,2
16139,19,3,635.41,2
16140,66,2,725.18,2
16141,88,1,620.4,1
16142,250,1,535.34,1
16143,3,6,2424.94,0
16144,247,1,175.2,1
16145,9,11,3799.4900000000002,0
16146,157,3,734.13,1
16147,134,1,375.0,1
16148,296,1,76.32000000000001,1
16149,5,2,280.52,2
16150,43,5,2053.02,2
16152,269,1,1829.04,1
16153,50,5,1824.23,2
16156,9,9,3122.04,0
16157,16,3,656.69,2
16159,282,1,348.2,1
16160,65,2,1025.44,2
16161,2,19,5575.56,0
16162,252,1,37.4,1
16163,232,2,856.6,1
16164,17,3,822.48,2
16168,11,27,3787.6,0
16169,8,4,1822.97,2
16170,51,6,1885.05,2
16171,59,1,73.2,1
16172,95,5,1140.21,2
16173,16,6,1418.32,2
16174,126,3,1009.5500000000001,2
16175,94,4,1037.59,2
16177,50,1,331.95,1
16178,138,1,197.9,1
16179,61,1,215.83,1
16180,100,8,10254.18,0
16181,73,1,305.54,1
16182,72,4,6617.65,2
16183,67,1,338.71000000000004,1
16184,64,6,1158.79,2
16185,17,2,529.41,2
16186,23,12,4006.94,0
16187,32,15,6911.4400000000005,0
16188,45,4,981.86,2
16189,16,2,215.48,2
16190,40,1,215.08,1
16191,3,13,5180.52,0
16193,237,1,314.45,1
16198,75,1,400.68100000000004,1
16200,4,2,1080.6200000000001,2
16201,3,4,1863.47,0
16202,361,1,365.27,1
16203,59,4,592.9,2
16204,23,1,405.71,2
16205,31,4,761.38,2
16206,55,4,537.0600000000001,2
16207,25,1,394.38,1
16208,45,2,664.26,2
16209,89,5,2262.62,2
16210,2,18,21086.3,0
16211,89,1,547.02,1
16212,19,2,690.34,2
16213,79,1,159.0,1
16214,171,3,1062.75,2
16215,81,1,242.35,1
16216,267,1,914.9300000000001,1
16217,235,2,304.25,1
16218,30,7,3084.68,0
16221,37,3,864.86,2
16222,318,1,846.72,1
16224,57,4,1295.3,2
16225,45,5,1096.32,2
16226,203,3,255.12,1
16227,225,1,314.22,1
16229,87,2,1010.6,2
16230,190,2,542.03,1
16232,44,4,990.88,2
16233,71,3,536.6800000000001,2
16235,41,5,867.31,2
16236,78,1,432.2,1
16239,57,2,414.2,1
16240,24,2,3718.8,2
16241,10,13,2607.87,0
16242,8,7,3603.21,0
16243,34,2,409.1,2
16244,212,2,1522.75,1
16245,24,3,1413.66,2
16247,170,1,114.56,1
16248,62,1,152.94,1
16249,53,5,1800.07,2
16250,261,2,389.44,1
16253,67,2,3683.86,2
16255,17,8,2619.91,0
16256,267,1,752.4300000000001,1
16257,177,1,46.95,1
16258,45,5,5203.51,0
16260,51,1,1035.45,2
16261,17,4,746.83,2
16265,9,9,5447.0,0
16266,74,7,861.89,2
16268,71,2,667.65,2
16270,353,1,1141.24,1
16271,3,5,1429.24,0
16272,117,1,411.7,1
16274,373,1,357.95,1
16275,197,1,559.87,1
16276,177,1,810.6000000000001,1
16278,100,1,566.38,1
16279,21,3,1509.58,2
16281,72,1,2062.06,2
16282,340,1,168.3,1
16283,6,5,1570.81,2
16284,31,2,823.97,2
16287,170,1,142.5,1
16292,122,1,302.25,1
16293,22,10,2248.9900000000002,0
16295,10,4,1328.55,2
16297,269,1,301.9,1
16298,23,3,598.2,2
16302,127,1,233.22,1
16303,26,3,5360.63,2
16305,139,1,361.21999999999997,1
16306,214,6,632.27,2
16308,38,4,2560.0,2
16309,106,2,706.57,1
16311,18,2,616.26,2
16313,3,2,274.15000000000003,2
16315,331,1,226.37,1
16316,64,8,2938.91,0
16317,120,3,1341.65,2
16318,35,1,328.15,1
16319,218,1,404.40000000000003,1
16320,172,2,1038.46,1
16321,72,5,373.65000000000003,2
16322,1,2,326.75,2
16323,196,1,207.50000000000003,1
16324,128,3,428.68,1
16325,47,3,594.24,2
16326,6,14,3110.96,0
16327,14,6,3844.22,0
16330,18,3,251.91,2
16332,28,7,1593.2,2
16333,8,22,26626.8,0
16337,37,1,151.05,1
16338,157,1,214.79999999999998,1
16339,284,1,109.95,1
16340,107,1,549.07,1
16341,25,4,1971.87,2
16342,75,4,322.41,2
16343,16,2,370.47999999999996,2
16344,158,1,101.10000000000001,1
16345,44,1,575.41,1
16347,11,2,887.65,2
16348,32,7,1469.45,2
16349,291,1,53.5,1
16350,21,4,1116.47,2
16351,333,1,153.9,1
16352,18,2,494.44,2
16353,4,23,6675.71,0
16354,63,2,395.8,1
16356,198,3,211.77,1
16357,33,3,658.88,2
16358,1,4,2027.5,0
16359,7,9,1750.92,0
16360,5,6,3512.53,0
16361,10,4,896.66,2
16362,32,5,734.77,2
16363,53,1,109.36000000000001,1
16364,12,2,707.04,2
16365,18,9,1540.42,0
16366,19,1,327.3,2
16367,37,2,804.49,2
16368,2,2,497.43,2
16369,18,3,1553.66,2
16370,82,4,1320.56,2
16372,33,2,367.93,2
16374,66,2,473.03000000000003,1
16376,9,2,987.01,2
16377,267,1,676.2,1
16378,247,3,362.95,1
16379,4,4,2157.4,0
16380,61,1,1780.59,2
16383,75,2,668.36,2
16384,90,2,584.5,1
16385,60,3,555.89,2
16386,29,2,317.2,2
16387,323,1,94.36,1
16389,53,4,1382.07,2
16392,270,1,221.19,1
16393,2,13,3046.21,0
16394,57,5,1555.34,2
16395,61,5,1486.9,2
16398,154,2,1705.8,2
16399,19,2,408.57,2
16400,95,1,303.93,1
16401,1,12,4098.32,0
16402,265,2,299.6,1
16403,312,1,177.5,1
16404,70,1,443.05,1
16405,302,2,167.25,1
16406,19,1,163.07,1
16407,13,10,2126.93,0
16409,36,5,2028.88,2
16411,19,2,214.65,2
16412,54,1,151.83,1
16413,57,1,262.2,1
16414,22,2,126.25,1
16415,44,1,210.35,1
16416,27,3,1051.4,2
16418,45,3,675.27,2
16419,113,6,972.23,2
16422,17,51,34684.4,0
16423,25,1,346.12,1
16424,191,1,133.56,1
16425,302,1,302.7,1
16426,2,10,1908.25,0
16427,263,2,241.06,1
16429,106,1,284.55,1
16430,57,1,300.85,1
16431,213,3,642.81,1
16432,64,1,287.4,1
16433,28,1,184.26,1
16434,29,7,1522.25,2
16438,6,5,798.35,2
16440,8,5,3640.67,0
16441,67,2,381.2,1
16442,2,3,616.79,2
16444,46,4,654.67,2
16445,34,1,230.51,1
16446,1,2,168472.5,0
16447,136,1,259.01,1
16448,198,1,188.89000000000001,1
16449,198,2,707.69,1
16450,150,1,311.92,1
16451,88,1,266.97,1
16454,45,2,6.9,1
16455,64,7,1841.18,2
16456,99,5,2158.37,2
16457,218,1,208.36,1
16458,3,18,3482.7400000000002,0
16460,28,3,814.72,2
16461,178,1,151.42,1
16462,74,3,136.0,1
16463,21,4,1422.4,2
16464,20,3,1314.68,2
16466,34,7,1603.46,2
16468,74,1,74.9,1
16469,24,4,650.43,2
16470,52,4,762.39,2
16471,275,1,223.95000000000002,1
16473,165,3,316.11,1
16474,7,7,1871.5,0
16475,88,4,544.3,2
16477,64,7,2494.46,2
16478,25,3,331.0,2
16479,10,2,300.83,2
16480,76,1,769.29,1
16482,16,1,220.62,1
16483,192,1,139.35,1
16484,174,2,404.3,1
16485,77,1,363.65,1
16488,33,3,498.8,2
16491,47,1,731.5,1
16493,80,4,1351.63,2
16494,297,1,826.53,1
16495,3,3,684.41,2
16496,9,3,1599.52,2
16497,50,6,2965.69,2
16498,161,2,100.97,1
16499,360,2,365.45,1
16500,5,6,400.86,2
16503,107,4,1431.93,2
16504,25,1,484.38,2
16505,32,1,777.6,2
16506,20,2,90.30000000000001,1
16509,297,1,363.7,1
16510,372,1,248.1,1
16511,22,3,950.26,2
16513,5,4,874.59,2
16515,52,5,1627.13,2
16516,30,1,101.69999999999999,1
16517,277,1,162.7,1
16518,61,2,484.32,1
16519,25,2,215.07999999999998,2
16520,186,3,1046.57,1
16523,2,21,9418.470000000001,0
16525,2,26,13027.45,0
16526,172,1,290.36,1
16527,81,1,228.06,1
16528,4,1,244.41,2
16529,190,1,455.25,1
16531,22,7,1244.59,2
16532,18,3,6748.8,2
16533,19,3,1095.56,2
16535,5,1,593.75,2
16536,110,1,548.97,1
16539,3,4,1388.81,2
16542,54,1,119.62,1
16545,165,1,339.3,1
16546,291,2,787.15,1
16549,10,10,4154.64,0
16550,109,5,2298.97,2
16551,96,3,922.12,2
16552,243,2,379.73,1
16553,163,12,5719.82,0
16554,42,3,837.1,2
16555,35,2,285.89,1
16556,67,7,3313.79,2
16557,24,2,281.85,2
16558,1,20,8338.49,0
16560,27,2,841.41,2
16561,6,2,511.12,2
16563,54,1,1077.74,2
16565,364,1,173.7,1
16566,15,5,614.66,2
16567,194,2,865.6,1
16569,3,1,124.2,2
16570,15,10,3738.4,0
16571,27,3,1421.69,2
16572,127,3,1009.6,2
16573,85,2,663.61,1
16574,71,1,451.44,1
16581,183,1,105.84,1
16582,113,1,313.62,1
16583,374,1,233.45,1
16584,80,2,936.08,2
16586,249,1,463.95,1
16587,232,1,225.15,1
16589,71,3,459.24,2
16591,69,1,213.5,1
16592,4,16,4113.68,0
16593,51,3,330.03,2
16594,75,1,181.09,1
16595,61,1,360.16,1
16596,16,2,250.15,2
16597,4,1,90.04,2
16598,286,1,145.04999999999998,1
16600,4,6,813.52,2
16601,41,1,244.79999999999998,1
16602,36,1,528.08,1
16603,75,2,482.47,1
16607,18,14,3347.71,0
16609,15,7,5493.46,0
16610,219,1,75.66,1
16611,186,1,129.49,1
16612,33,4,1187.66,2
16613,70,1,618.59,1
16614,183,1,506.19,1
16616,15,2,500.42,2
16617,236,1,151.85,1
16618,31,5,2647.59,2
16619,264,1,226.21,1
16620,4,2,178.96,2
16621,52,4,813.48,2
16623,246,1,129.45,1
16624,81,2,810.5699999999999,2
16625,275,1,333.08,1
16626,1,17,4413.1,0
16627,79,1,322.8,1
16628,30,5,2188.05,2
16629,74,2,417.73,1
16633,17,6,2883.1,0
16634,223,2,217.9,1
16637,32,4,1154.47,2
16638,23,10,1680.72,0
16639,31,3,1257.51,2
16641,106,1,231.10000000000002,1
16642,5,2,688.33,2
16643,246,1,487.51,1
16644,178,2,833.78,1
16647,170,2,214.06,1
16648,43,1,290.65999999999997,1
16650,72,1,518.42,1
16652,59,7,6773.97,0
16653,16,2,1212.66,2
16654,141,4,601.27,2
16655,18,6,3794.52,0
16656,22,15,8625.8,0
16657,10,4,933.62,2
16658,368,1,123.24,1
16659,189,1,39.12,1
16660,16,4,1267.6499999999999,2
16665,362,1,135.39999999999998,1
16666,19,1,118.98,1
16667,68,2,570.13,1
16668,15,6,306.71999999999997,2
16669,24,3,1374.8700000000001,2
16670,17,11,4095.9,0
16671,28,3,1692.27,2
16672,2,20,8134.9400000000005,0
16674,55,2,319.61,1
16676,34,4,1592.1200000000001,2
16678,3,12,3109.99,0
16679,366,1,129.75,1
16680,43,1,183.7,1
16681,73,6,1770.34,2
16682,5,5,1028.0,2
16684,4,28,66653.56,0
16685,61,2,324.24,1
16686,47,7,3062.83,0
16688,1,4,1260.86,0
16689,76,2,422.59999999999997,1
16690,72,2,225.57999999999998,1
16692,256,2,1276.0,1
16693,69,2,482.01,1
16696,135,4,657.9000000000001,2
16697,241,1,112.75,1
16698,227,2,1998.0,1
16700,9,13,5076.55,0
16701,9,13,5398.3,0
16705,1,20,14034.99,0
16706,37,3,531.35,2
16708,46,1,656.63,1
16709,85,5,3029.87,2
16710,19,10,2483.04,0
16711,3,5,1651.03,0
16712,9,11,3645.43,0
16713,19,15,6923.13,0
16714,219,3,1161.53,1
16715,78,1,301.71999999999997,1
16716,267,2,901.2,1
16717,24,6,3858.38,0
16718,369,1,623.75,1
16719,15,7,1790.42,0
16720,26,1,155.24,1
16721,262,1,292.47,1
16722,17,13,4730.81,0
16723,91,2,589.15,1
16725,302,7,781.02,2
16726,26,5,1382.02,2
16727,364,1,272.82,1
16728,46,4,1054.67,2
16729,38,21,7239.92,0
16730,52,3,743.11,2
16732,32,1,603.75,2
16734,52,3,650.51,2
16735,79,5,2300.56,2
16737,53,1,417.59999999999997,1
16738,298,1,3.75,1
16739,177,1,323.0,1
16742,47,1,464.9,1
16743,29,7,2238.09,0
16744,11,7,1304.76,0
16745,87,17,7194.3,0
16746,5,18,6697.66,0
16747,38,2,836.06,2
16748,18,5,1515.9,2
16750,45,5,623.93,2
16751,31,1,1764.72,2
16752,373,1,207.5,1
16753,58,1,223.92000000000002,1
16754,372,1,2002.4,1
16755,114,3,1496.83,2
16756,215,1,239.4,1
16757,319,1,106.83000000000001,1
16758,65,1,369.34000000000003,1
16759,8,3,789.79,2
16761,97,1,316.62,1
16762,20,3,1501.38,2
16763,199,1,611.85,1
16764,4,13,2799.25,0
16765,294,1,34.0,1
16766,273,2,1145.6,1
16767,31,11,5580.6,0
16768,48,3,478.09000000000003,2
16769,260,1,380.39,1
16770,58,5,770.1,2
16771,33,5,2246.81,2
16773,57,1,171.59,1
16774,68,4,661.52,2
16775,10,11,1695.66,0
16776,60,1,388.28,1
16777,80,2,226.35,1
16778,74,2,245.94,1
16779,2,22,10629.720000000001,0
16780,100,2,425.19,1
16781,372,1,311.25,1
16782,10,13,2279.9,0
16784,20,1,107.6,1
16788,123,2,597.48,1
16789,8,1,80.8,1
16790,4,6,1545.6200000000001,0
16791,29,7,1721.78,2
16792,282,2,110.38000000000001,1
16793,57,1,243.84,1
16794,1,10,1222.71,0
16795,365,1,414.88,1
16796,89,1,305.62,1
16800,11,1,1201.49,2
16801,163,4,1619.73,2
16803,65,1,332.3,1
16804,23,3,536.99,2
16805,174,2,460.59,1
16806,103,4,801.49,2
16807,143,3,1121.59,2
16808,99,2,288.42,1
16809,23,5,914.69,2
16810,192,1,309.54,1
16811,5,2,547.07,2
16812,361,1,479.35,1
16813,8,10,1692.98,0
16814,14,21,6509.1,0
16816,103,4,417.06,2
16817,3,9,1604.75,0
16818,11,11,3349.57,0
16820,96,1,497.61,1
16823,227,1,358.38,1
16824,16,2,460.64,2
16825,39,2,775.1800000000001,2
16826,51,1,341.7,1
16828,93,2,128.5,1
16829,157,1,197.22,1
16830,39,1,325.91,1
16832,184,3,199.15,1
16833,1,4,1106.53,2
16834,228,1,413.46,1
16835,128,2,180.85,1
16836,40,2,251.87,1
16837,31,11,3170.98,0
16838,197,2,588.85,1
16839,9,34,16594.35,0
16841,37,6,1869.82,2
16842,101,3,1264.19,2
16843,43,16,10196.57,0
16846,50,1,214.32,1
16847,43,1,193.44,1
16848,53,1,281.42,1
16849,187,1,124.57,1
16850,334,1,332.41,1
16851,4,3,342.45,2
16852,10,2,144.91000000000003,2
16855,24,2,328.4,2
16856,15,1,35.400000000000006,1
16858,369,1,375.69000000000005,1
16859,145,2,747.81,1
16861,60,2,173.76,1
16863,31,2,502.8,2
16866,141,3,207.73999999999998,1
16869,23,4,825.42,2
16871,22,6,2812.34,0
16872,77,3,680.02,2
16873,5,6,7123.62,0
16875,67,5,2095.53,2
16877,12,6,853.72,2
16878,84,1,13.3,1
16880,31,7,1519.08,2
16881,67,1,432.0,1
16882,67,3,705.12,2
16883,187,2,276.73,1
16884,38,2,429.84000000000003,2
16885,15,3,471.51,2
16887,35,1,194.88,1
16889,195,3,1578.67,2
16891,2,5,809.7,2
16892,1,5,525.54,2
16893,367,1,145.93,1
16895,65,1,219.14,1
16897,299,2,289.78,1
16898,26,3,508.81,2
16899,8,6,1281.56,2
16900,17,3,887.11,2
16902,116,1,1706.88,1
16903,29,1,373.24,1
16904,4,16,3754.27,0
16905,5,7,3102.43,0
16906,82,4,579.77,2
16907,29,5,981.65,2
16909,72,1,379.14,1
16910,4,8,1510.06,0
16912,29,11,2575.38,0
16913,290,1,113.44,1
16914,36,1,208.46,1
16915,9,6,621.6800000000001,2
16916,24,2,576.26,2
16917,277,1,391.52,1
16918,50,6,1068.82,2
16919,156,11,2596.45,0
16921,61,1,169.79,1
16923,12,19,7247.61,0
16924,21,3,846.75,2
16926,371,1,230.25,1
16927,116,3,543.05,1
16928,80,17,2847.6,0
16929,4,7,1295.39,0
16930,26,3,380.55,2
16931,5,21,4604.22,0
16932,53,1,161.94,1
16933,1,2,563.23,2
16934,55,2,950.9300000000001,2
16936,26,1,262.68,1
16938,9,4,2736.38,2
16940,52,3,3049.88,2
16942,13,9,1920.59,0
16943,212,3,816.73,1
16945,22,19,4345.5,0
16947,236,1,406.48,1
16948,139,3,435.02,1
16949,4,6,1286.27,0
16950,57,3,1178.56,2
16951,135,3,1277.75,2
16952,109,2,167.61,1
16953,30,1,20.8,1
16954,1,9,2085.08,0
16955,185,4,518.67,1
16956,18,1,308.74,2
16957,239,2,416.64,1
16959,87,1,117.35000000000001,1
16960,39,3,507.05,2
16961,116,1,234.17,1
16963,187,1,110.55000000000001,1
16965,227,1,201.19,1
16966,8,7,2154.97,0
16967,189,1,319.02,1
16968,4,2,439.43,2
16969,39,3,650.41,2
16971,38,1,357.21,1
16976,267,1,251.51999999999998,1
16978,78,1,344.33,1
16979,4,6,1852.0,0
16980,255,2,1078.96,1
16982,61,1,384.06,1
16983,13,7,1931.25,0
16984,88,2,4481.35,2
16985,17,10,5464.12,0
16986,30,2,1873.2,2
16987,3,7,1625.05,0
16988,5,1,126.12,2
16989,7,6,1133.25,2
16990,219,1,179.0,1
16992,11,5,1614.31,2
16996,30,6,1456.96,2
16997,288,3,702.0,1
16998,150,4,295.0,1
16999,23,2,484.82,2
17001,1,11,3989.57,0
17002,86,3,1493.73,2
17004,46,2,1412.94,2
17006,5,4,781.78,2
17007,51,6,889.9300000000001,2
17010,18,1,195.36,1
17011,30,1,270.9,1
17014,8,3,586.33,2
17015,29,3,1842.56,2
17017,3,20,8694.26,0
17018,41,2,920.1,2
17019,11,4,1272.61,2
17022,31,1,71.0,1
17024,45,3,95.85,1
17025,61,3,357.77,2
17026,185,2,154.82999999999998,1
17027,79,6,890.29,2
17029,111,2,716.0,1
17030,64,1,146.87,1
17031,12,2,380.35,2
17033,86,3,1030.14,2
17034,16,3,745.52,2
17035,246,2,433.53000000000003,1
17037,88,1,1267.32,1
17038,30,1,112.4,1
17040,138,1,449.73,1
17041,27,3,1081.57,2
17042,3,5,1044.3799999999999,2
17043,32,4,1735.18,2
17044,25,1,948.48,2
17045,113,3,339.44,1
17046,157,1,642.02,1
17047,85,3,1100.9,2
17048,118,3,925.35,2
17049,3,9,5659.9800000000005,0
17050,96,6,3228.84,2
17051,194,1,247.14000000000001,1
17052,28,1,413.75,1
17053,131,1,498.48,1
17054,28,5,1356.33,2
17058,82,3,1179.89,2
17059,30,5,3095.04,2
17060,266,1,234.24,1
17061,74,11,5232.2300000000005,0
17062,314,4,538.37,1
17063,21,7,1461.14,2
17064,59,3,859.35,2
17068,12,21,4552.14,0
17069,28,9,2709.7000000000003,0
17070,114,1,312.14,1
17071,28,9,2429.03,0
17073,18,4,1446.09,2
17075,18,4,834.12,2
17076,36,3,841.0799999999999,2
17078,36,2,378.2,2
17079,78,1,118.80000000000001,1
17080,22,2,287.62,2
17081,25,2,290.16,2
17082,33,2,2003.85,2
17083,109,3,1405.78,2
17084,35,2,2949.75,2
17085,123,5,1566.65,2
17086,7,6,2050.08,0
17088,28,4,1991.01,2
17090,4,7,2043.95,0
17091,3,9,3827.76,0
17092,50,4,1777.78,2
17094,322,1,302.0,1
17095,23,3,1324.16,2
17096,15,4,1022.13,2
17097,2,8,954.42,0
17100,18,2,971.74,2
17101,10,4,1621.73,2
17102,262,1,25.5,1
17105,159,2,665.78,1
17107,33,6,10815.43,0
17109,29,6,885.04,2
17110,165,1,163.29999999999998,1
17111,47,1,248.61,1
17114,6,8,808.62,0
17115,8,3,837.5,2
17117,288,1,116.19999999999999,1
17118,318,1,157.02,1
17119,3,2,606.91,2
17120,233,1,307.46,1
17122,119,1,138.32,1
17123,162,1,345.29999999999995,1
17124,185,1,298.89,1
17125,50,1,259.35,1
17126,152,5,1004.75,2
17128,335,1,157.09,1
17131,5,5,2463.17,0
17133,16,7,4892.240000000001,0
17134,107,2,425.0,1
17135,16,7,1139.73,2
17138,276,1,380.5,1
17139,16,12,10668.47,0
17140,247,1,465.32,1
17142,239,1,579.0,1
17144,1,2,984.57,2
17146,106,3,749.78,2
17147,23,4,1714.59,2
17148,52,1,124.88,1
17152,195,3,1689.5,2
17153,24,1,213.78,1
17154,75,1,329.34,1
17155,18,2,251.70000000000002,2
17157,8,2,319.0,2
17158,32,3,1266.97,2
17159,22,3,1538.88,2
17160,31,6,3518.03,0
17162,29,10,1715.46,0
17163,22,2,293.1,2
17164,33,7,2467.35,0
17165,284,1,158.68,1
17166,39,2,206.34,1
17169,58,2,835.78,2
17171,289,1,224.91,1
17172,79,1,317.76,1
17173,5,8,3766.6,0
17174,218,1,59.9,1
17175,44,4,1443.69,2
17176,202,1,306.13,1
17179,178,3,711.79,1
17180,56,4,796.03,2
17181,57,2,239.92000000000002,1
17183,8,6,3347.31,0
17186,47,2,144.0,1
17187,227,1,203.95,1
17188,11,7,2474.23,0
17189,106,2,384.40000000000003,1
17190,59,2,444.74,1
17191,28,7,2095.13,0
17193,36,7,1699.3000000000002,2
17194,274,2,262.62,1
17197,30,1,1013.01,2
17198,24,3,692.22,2
17201,54,1,342.63,1
17203,36,6,3563.85,0
17204,175,4,1564.56,2
17205,54,1,384.08,1
17206,53,1,204.24,1
17211,27,8,2317.2200000000003,0
17212,253,1,226.85,1
17213,40,7,2781.23,0
17214,60,6,1069.1200000000001,2
17217,234,1,113.5,1
17218,4,10,1960.72,0
17219,32,1,114.23,1
17220,24,14,3198.25,0
17221,7,2,335.13,2
17222,65,1,354.15,1
17223,310,2,426.79,1
17226,309,1,393.49,1
17227,19,6,939.32,2
17228,16,8,1906.09,0
17229,96,2,318.76,1
17230,264,8,3638.41,2
17231,12,10,3174.32,0
17232,3,2,421.52,2
17233,35,1,190.88,1
17234,183,1,149.89000000000001,1
17235,25,2,550.06,2
17236,13,6,916.13,2
17237,11,2,314.69,2
17238,3,17,3744.65,0
17239,313,1,382.5,1
17242,108,2,1135.04,2
17243,1,26,8676.85,0
17244,53,1,954.9,2
17245,205,1,171.45,1
17247,15,1,282.19,2
17248,120,1,318.65,1
17250,4,2,384.52,2
17251,363,1,283.28000000000003,1
17252,117,2,353.86,1
17253,18,1,178.26,1
17254,5,2,272.44,2
17255,41,2,298.41,1
17256,107,2,240.0,1
17259,148,2,603.37,1
17262,52,5,1253.3600000000001,2
17263,208,1,63.440000000000005,1
17265,139,2,562.9,1
17266,2,3,310.64,2
17267,127,2,317.62,1
17268,108,4,763.64,2
17272,42,4,2148.63,2
17274,35,1,111.97999999999999,1
17277,228,2,1065.3500000000001,1
17278,241,1,246.04,1
17279,58,1,187.82999999999998,1
17282,130,3,1703.41,2
17284,60,6,1652.58,2
17286,22,1,153.92,1
17287,26,7,1064.11,2
17288,9,7,1419.73,0
17289,32,3,944.41,2
17290,4,2,525.24,2
17291,308,1,550.8000000000001,1
17293,8,9,1875.1100000000001,0
17295,29,3,556.95,2
17297,17,1,131.78,1
17298,101,2,498.42,1
17299,12,4,669.11,2
17301,21,1,197.63,1
17302,15,5,1135.63,2
17303,361,1,250.04,1
17306,11,19,8631.31,0
17309,95,1,82.75,1
17311,78,2,1384.85,2
17312,139,3,644.3,1
17313,31,1,2328.84,2
17314,25,8,2527.92,0
17315,2,38,6292.26,0
17317,46,3,2600.34,2
17320,100,3,1200.6200000000001,2
17321,8,2,700.86,2
17323,15,7,921.07,2
17324,18,4,990.23,2
17325,280,1,96.8,1
17329,14,2,523.11,2
17330,23,2,363.9,2
17331,124,1,175.2,1
17333,86,1,494.25,1
17334,302,2,307.02,1
17337,151,4,2027.8700000000001,2
17338,17,8,6643.93,0
17339,94,2,243.36,1
17340,30,11,12353.29,0
17341,157,3,781.36,1
17343,355,1,193.64,1
17344,46,1,160.57,1
17345,15,4,537.74,2
17346,4,15,2676.56,0
17347,86,1,228.96,1
17348,15,5,1159.52,2
17349,179,1,110.75,1
17350,8,4,1286.07,2
17351,36,3,587.15,2
17353,129,2,1740.0,2
17354,51,1,1393.06,2
17356,312,1,178.22,1
17357,24,2,388.14,2
17358,303,2,365.85,1
17359,11,1,127.86,1
17360,17,3,585.79,2
17361,49,3,488.2,2
17362,239,2,312.23,1
17364,1,11,4481.18,0
17365,13,8,4801.56,0
17367,238,1,168.4,1
17368,23,8,1912.67,0
17370,73,4,446.18,2
17371,17,3,423.89,2
17372,41,8,1342.68,2
17373,40,4,646.92,2
17374,219,2,495.77,1
17375,199,3,400.1,1
17376,71,2,203.2,1
17377,24,20,4100.92,0
17379,11,1,404.66,2
17381,9,29,20275.61,0
17382,65,1,65.4,1
17383,4,1,199.29,2
17384,19,2,336.4,2
17385,15,1,261.11,2
17386,8,6,2686.42,0
17387,20,2,784.11,2
17388,78,4,1259.56,2
17389,1,34,31833.68,0
17391,164,2,508.8,1
17392,307,2,457.91,1
17394,219,1,203.86999999999998,1
17396,39,8,7330.8,0
17397,22,2,696.41,2
17398,115,3,653.38,2
17400,126,5,2129.96,2
17402,5,13,2633.85,0
17403,36,1,281.62,1
17404,4,15,31906.82,0
17405,1,3,1031.41,2
17406,333,3,2200.42,2
17408,163,1,32.65,1
17409,185,2,771.85,1
17410,16,5,1214.72,2
17411,12,3,778.94,2
17412,3,7,1258.06,0
17414,44,2,778.0,2
17415,80,1,507.84,1
17416,30,7,6893.42,0
17418,42,2,463.46000000000004,2
17419,11,12,4226.57,0
17420,50,3,598.83,2
17422,16,6,1979.37,0
17423,46,2,698.41,2
17425,19,2,759.17,2
17426,8,6,5037.26,0
17427,72,1,100.8,1
17428,1,28,17256.85,0
17429,128,3,524.9200000000001,1
17430,33,2,265.76,1
17431,313,1,403.3,1
17432,18,2,365.76,2
17433,88,1,303.15999999999997,1
17434,2,7,2373.82,0
17436,2,2,216.29999999999998,2
17438,254,1,388.45000000000005,1
17440,157,3,186.42000000000002,1
17442,37,6,2248.56,2
17443,220,1,534.24,1
17444,148,3,2940.04,2
17446,177,2,120.9,1
17447,40,2,541.53,2
17449,2,7,2520.86,0
17450,8,46,194550.79,0
17451,1,7,1721.4,0
17453,18,2,486.71999999999997,2
17454,192,4,517.53,1
17455,204,1,131.7,1
17456,365,1,249.86,1
17457,127,5,1737.7,2
17458,15,1,316.5,2
17459,43,2,657.3,2
17460,94,6,622.4300000000001,2
17461,23,3,757.46,2
17462,60,2,675.69,2
17463,16,5,1896.41,2
17464,158,1,289.96000000000004,1
17466,10,2,763.28,2
17468,10,2,137.0,2
17469,16,5,1870.97,2
17470,45,5,1125.07,2
17472,191,3,710.29,1
17475,79,1,194.37,1
17480,78,1,511.82,1
17481,4,4,1255.59,2
17483,65,3,414.04,2
17486,261,1,396.87,1
17489,59,2,376.64,1
17490,1,7,2092.32,0
17491,1,10,3558.87,0
17492,248,1,374.57,1
17495,8,2,497.56,2
17496,359,1,271.05,1
17498,76,1,272.22,1
17499,290,1,622.88,1
17500,17,3,1138.0,2
17501,221,2,288.6,1
17502,9,4,689.1,2
17503,3,2,558.96,2
17504,206,9,2997.0299999999997,2
17505,162,2,1145.84,1
17506,76,1,302.2,1
17507,262,2,605.58,1
17508,281,1,387.31,1
17509,58,8,6115.14,0
17510,25,1,308.48,1
17511,3,31,91062.38,0
17512,29,10,2924.9900000000002,0
17513,72,1,513.2,1
17514,128,1,208.65,1
17515,31,4,639.02,2
17516,15,5,768.08,2
17517,309,1,153.94,1
17519,17,6,1844.02,2
17520,54,1,546.81,1
17521,30,3,723.2099999999999,2
17522,2,5,1070.71,0
17523,11,4,652.74,2
17524,361,1,145.0,1
17525,360,1,422.70000000000005,1
17526,5,4,1195.8999999999999,2
17527,54,4,939.37,2
17528,1,8,3628.5,0
17530,1,10,2385.0,0
17531,190,1,296.7,1
17534,54,1,223.36,1
17535,280,1,164.4,1
17536,177,1,76.5,1
17537,30,2,897.62,2
17538,26,1,98.42,1
17540,25,2,578.9,2
17542,270,1,170.75,1
17545,43,3,645.96,2
17548,234,1,103.3,1
17549,24,2,148.86,1
17550,197,3,267.16,1
17551,359,1,306.84,1
17552,60,4,930.41,2
17553,130,1,1487.6,1
17554,1,5,1952.45,0
17555,20,2,483.26,2
17556,206,1,157.9,1
17557,14,3,541.46,2
17560,95,4,854.95,2
17561,19,1,167.62,1
17562,14,7,1122.38,2
17564,24,3,454.01,2
17566,8,2,901.21,2
17567,7,8,4331.48,0
17569,332,1,344.14,1
17571,50,4,1498.51,2
17572,71,4,226.75000000000003,1
17573,29,3,380.6,2
17574,243,1,185.65,1
17576,8,19,3622.68,0
17578,218,1,143.45999999999998,1
17579,5,3,448.90000000000003,2
17580,253,3,215.72,1
17581,1,25,11045.04,0
17582,236,1,175.27,1
17584,7,2,1242.3,2
17585,109,4,1133.07,2
17588,100,3,1240.2,2
17589,60,4,2404.17,2
17590,2,3,1479.22,2
17591,73,7,2225.9700000000003,2
17593,4,5,3927.34,0
17594,85,2,993.18,2
17595,12,2,388.79,2
17596,23,7,2827.93,0
17597,214,1,2044.3700000000001,1
17600,18,1,161.67000000000002,1
17601,239,1,116.00999999999999,1
17602,2,6,5102.97,0
17603,78,1,394.72,1
17604,217,2,309.36,1
17608,33,2,193.42,1
17609,41,5,1112.22,2
17611,7,15,3984.22,0
17612,53,6,2048.45,2
17613,23,14,4559.150000000001,0
17614,57,1,390.07,1
17615,130,3,329.6,1
17616,174,3,571.1999999999999,1
17618,6,3,971.58,2
17619,312,1,218.52,1
17620,60,1,81.44,1
17621,21,3,1379.9,2
17623,33,1,527.0500000000001,1
17624,15,2,843.48,2
17625,18,4,2047.0,2
17628,81,1,75.75,1
17629,6,8,1814.12,0
17630,170,2,503.59999999999997,1
17631,2,3,528.33,2
17633,31,4,1324.84,2
17634,36,9,2361.9700000000003,0
17636,19,1,285.56,1
17637,31,2,547.0600000000001,2
17639,276,1,108.5,1
17640,87,1,621.66,1
17642,120,2,712.29,1
17643,373,1,101.55,1
17644,1,11,2895.64,0
17646,219,3,1008.39,1
17647,65,1,133.06,1
17648,61,4,1797.5,2
17649,138,1,868.49,1
17650,21,1,166.08,1
17651,12,10,3945.0,0
17652,25,12,4867.72,0
17653,37,4,1207.56,2
17654,277,1,117.55,1
17655,11,7,2638.94,0
17656,73,5,1674.69,2
17658,26,2,595.42,2
17659,17,12,2999.46,0
17660,141,1,196.0,1
17663,26,7,1802.91,2
17664,19,2,604.64,2
17666,4,2,728.16,2
17667,66,5,2055.51,2
17668,1,2,347.75,2
17669,43,7,3406.7200000000003,0
17670,228,1,205.7,1
17671,16,4,1572.71,2
17672,50,2,3178.17,2
17673,2,6,1629.12,0
17674,74,2,551.04,1
17675,1,31,20374.28,0
17676,4,6,1387.68,0
17677,2,30,16363.23,0
17678,264,1,298.11,1
17679,53,2,1992.1100000000001,2
17680,24,1,184.4,1
17682,10,6,2474.33,0
17684,44,1,239.41,1
17685,17,7,3191.53,0
17686,7,7,5739.46,0
17690,30,15,4757.95,0
17691,358,2,290.40000000000003,1
17692,127,4,740.9399999999999,2
17693,137,1,200.47,1
17694,142,1,283.12,1
17695,132,2,765.34,1
17696,38,8,2285.71,0
17697,236,1,338.95,1
17698,261,1,154.95,1
17700,17,4,2534.64,2
17701,253,1,417.95,1
17702,30,4,1824.37,2
17703,35,3,798.74,2
17704,169,2,885.19,1
17705,3,9,1823.52,0
17706,4,17,10504.49,0
17707,185,2,152.4,1
17708,188,2,267.08,1
17709,170,1,137.45,1
17711,11,2,385.1,2
17712,45,1,522.91,1
17714,321,1,153.0,1
17715,201,1,326.4,1
17716,23,11,5655.99,0
17718,232,1,139.35,1
17719,38,15,5396.04,0
17720,26,4,1195.94,2
17722,96,4,2424.04,2
17723,127,6,3276.4000000000005,2
17724,71,3,1033.0,2
17725,16,11,3439.08,0
17727,15,1,1060.25,2
17728,4,3,2876.01,2
17730,3,13,5298.4800000000005,0
17731,79,4,1240.11,2
17732,373,1,303.97,1
17733,39,2,692.19,2
17734,54,3,700.63,2
17735,2,19,13110.02,0
17736,9,3,377.44,2
17737,9,2,168.24,2
17738,19,4,1879.05,2
17739,12,7,2791.35,0
17742,113,2,355.11,1
17744,4,6,2322.4,0
17746,240,1,110.25,1
17747,113,1,71.4,1
17749,178,2,674.52,1
17750,5,9,1797.57,0
17752,359,1,80.64,1
17754,1,5,1772.26,0
17757,1,30,5605.29,0
17758,19,8,3456.7000000000003,0
17759,17,3,834.99,2
17760,22,2,287.59,2
17761,33,1,712.78,2
17763,263,1,15.0,1
17764,51,2,818.8199999999999,2
17765,159,3,371.88,1
17767,15,1,271.2,2
17768,8,3,2273.1800000000003,2
17769,13,10,3997.98,0
17770,199,5,1143.27,2
17771,57,2,245.81,1
17772,11,2,182.77,2
17774,97,4,1225.41,2
17775,255,1,56.4,1
17777,25,3,665.86,2
17779,21,3,658.57,2
17781,159,2,188.02,1
17783,72,2,283.47,1
17785,53,1,131.94,1
17786,85,2,278.74,1
17787,153,4,1865.19,2
17788,74,2,1117.9,2
17789,281,1,225.9,1
17790,27,14,1965.55,0
17791,30,1,106.1,1
17793,25,1,323.04,1
17795,180,2,350.39,1
17796,40,4,697.9,2
17797,22,3,780.43,2
17799,22,10,3055.93,0
17800,37,9,1199.01,2
17802,82,3,1285.04,2
17805,74,1,512.31,1
17806,11,1,546.04,2
17809,16,12,5411.91,0
17811,4,39,7837.7300000000005,0
17812,13,4,732.16,2
17813,14,5,1770.8799999999999,2
17816,37,4,36.56,1
17817,4,3,387.68,2
17819,72,7,3704.87,0
17824,51,1,298.4,1
17827,5,5,1995.46,0
17828,23,4,1820.09,2
17829,299,1,889.24,1
17830,2,3,398.7,2
17831,33,1,35.400000000000006,1
17832,50,1,155.37,1
17835,3,3,350.64,2
17836,47,1,110.21000000000001,1
17837,42,8,1593.38,2
17838,27,5,2779.3,2
17839,42,1,338.8,1
17841,2,124,40991.57,0
17843,303,1,205.48,1
17844,107,1,51.559999999999995,1
17846,85,1,2033.1,2
17848,81,9,901.1999999999999,2
17849,218,4,605.8000000000001,1
17850,372,34,5391.21,0
17852,12,2,114.34,2
17854,185,2,311.26,1
17855,373,1,208.97,1
17856,2,4,1418.03,2
17857,4,23,26879.04,0
17858,6,12,5155.66,0
17859,305,1,148.21,1
17860,369,1,252.8,1
17861,3,8,2100.8,0
17862,324,1,330.9,1
17863,59,6,3160.0,2
17864,13,3,597.5,2
17865,31,20,10526.32,0
17866,143,1,329.65,1
17867,30,6,1197.1000000000001,2
17869,107,5,428.18,2
17870,2,12,1894.35,0
17871,205,1,155.9,1
17873,80,5,1859.16,2
17874,185,6,683.46,2
17877,170,1,237.61,1
17878,44,1,379.45,1
17879,174,1,178.51999999999998,1
17880,365,1,458.92,1
17881,304,1,133.35000000000002,1
17883,3,4,671.77,2
17884,4,4,717.45,2
17885,12,1,190.19,1
17886,32,3,899.61,2
17887,129,1,111.35,1
17888,21,8,726.05,2
17889,212,2,203.87,1
17890,323,2,602.09,1
17891,162,1,203.85999999999999,1
17892,56,3,244.1,1
17893,225,1,112.25,1
17894,72,8,1119.81,2
17895,44,1,98.0,1
17896,23,1,256.32,1
17897,173,3,566.6,1
17898,85,2,152.06,1
17899,159,1,155.8,1
17900,190,2,112.19999999999999,1
17901,29,1,110.38,1
17904,21,1,191.67,1
17905,71,4,800.24,2
17906,247,1,72.9,1
17908,374,1,243.28,1
17911,9,1,366.23,2
17912,310,5,311.01,1
17913,59,2,411.6,1
17914,4,1,336.43,2
17917,45,3,341.28,2
17919,88,1,1304.04,1
17920,4,17,4204.1,0
17921,64,4,826.52,2
17923,282,1,207.50000000000003,1
17924,12,7,2962.5,0
17925,373,1,244.08,1
17926,133,2,397.29,1
17928,45,2,212.54,1
17929,11,4,843.0,2
17930,36,5,1740.48,2
17931,134,2,408.36,1
17932,29,3,1331.57,2
17934,52,2,704.25,2
17935,138,2,145.79,1
17936,5,1,389.84,2
17937,9,7,4301.22,0
17939,160,1,99.14,1
17940,49,10,4106.4400000000005,0
17941,131,1,304.56,1
17942,8,1,77.50000000000001,1
17946,233,2,149.57999999999998,1
17947,37,1,176.68,1
17948,147,1,358.56000000000006,1
17949,1,45,58510.48,0
17950,72,3,482.2,2
17951,40,3,1008.5400000000001,2
17954,5,12,2332.72,0
17955,199,4,557.3,1
17956,249,1,12.75,1
17957,66,1,111.68,1
17958,117,1,508.4599999999999,1
17960,171,1,73.78,1
17961,21,39,1296.44,0
17962,142,1,102.83,1
17964,32,2,471.7,2
17965,38,14,2622.57,0
17966,38,5,1098.43,2
17967,372,1,123.07,1
17968,374,1,277.35,1
17969,166,2,228.2,1
17970,211,1,582.59,1
17972,242,1,136.04,1
17973,52,1,337.04,1
17974,25,3,740.79,2
17975,15,13,4488.81,0
17976,372,1,353.19,1
17977,29,1,288.14,1
17978,365,1,300.91999999999996,1
17979,36,4,757.71,2
17980,166,3,811.45,1
17984,145,1,152.68,1
17985,22,1,634.95,2
17986,56,1,20.8,1
17987,185,1,198.57,1
17988,12,7,201.12,2
17990,237,3,630.84,1
17991,225,2,93.35,1
17994,122,4,678.49,2
17995,282,1,76.1,1
17997,74,8,1970.6699999999998,2
17999,37,2,382.06,2
18001,12,2,417.23,2
18004,362,1,169.47,1
18005,4,2,249.72,2
18006,23,1,444.68,2
18008,70,9,2116.19,0
18009,235,1,257.34,1
18010,257,1,174.8,1
18011,373,1,102.78999999999999,1
18013,155,2,187.29,1
18014,28,1,166.42,1
18015,4,1,120.03,2
18016,32,5,1483.56,2
18017,81,3,523.0,2
18018,108,2,122.14,1
18019,52,1,38.45,1
18022,36,1,668.11,2
18024,153,2,389.78,1
18027,99,1,115.31,1
18030,4,2,230.64999999999998,2
18032,334,1,73.5,1
18033,65,1,97.97,1
18034,22,2,422.88,2
18035,36,3,730.4,2
18036,32,3,405.62,2
18037,154,6,70.02,1
18040,19,2,357.20000000000005,2
18041,12,21,4183.39,0
18042,54,1,165.04999999999998,1
18043,25,3,559.51,2
18044,4,10,2088.6,0
18045,45,1,189.4,1
18048,203,2,172.29000000000002,1
18050,359,1,74.4,1
18053,71,1,300.02,1
18055,7,10,6784.1900000000005,0
18056,288,1,363.65,1
18058,10,1,170.16,2
18059,23,3,306.46,2
18061,22,10,2119.41,0
18062,173,3,720.52,1
18064,133,2,814.0,1
18065,6,14,2392.83,0
18066,75,1,318.0,1
18067,40,1,396.33,1
18068,289,1,101.69999999999999,1
18069,26,5,2036.67,2
18071,258,2,453.0,1
18072,186,1,247.44,1
18073,114,12,3877.5200000000004,0
18074,374,1,489.6,1
18075,23,10,2611.75,0
18077,8,11,2633.0099999999998,0
18078,217,2,336.13,1
18079,45,4,3651.97,2
18080,19,2,1231.5,2
18081,36,3,343.45,2
18082,26,1,703.37,2
18084,16,1,90.47999999999999,1
18085,330,2,689.95,1
18086,274,1,101.34,1
18087,98,2,4055.7199999999993,2
18088,61,1,167.67000000000002,1
18092,2,11,9068.26,0
18093,93,4,2106.52,2
18094,82,7,3017.3,2
18095,313,2,580.0500000000001,1
18096,12,3,911.15,2
18097,8,6,2697.8,0
18099,127,1,168.31,1
18101,11,2,223.65,2
18102,1,60,259657.3,0
18104,37,1,754.64,2
18105,38,1,113.48000000000002,1
18106,330,1,430.7,1
18108,254,1,271.0,1
18109,2,26,8052.97,0
18110,20,1,236.3,1
18112,12,2,352.69,2
18113,369,1,76.32000000000001,1
18114,290,1,220.1,1
18116,68,8,1418.03,2
18117,26,1,320.72,1
18118,11,26,5653.82,0
18119,368,1,181.12,1
18120,214,1,111.15,1
18121,149,2,673.1,1
18122,8,6,1826.21,0
18123,24,2,589.4399999999999,2
18125,30,4,1142.99,2
18126,61,1,206.82999999999998,1
18127,19,3,348.73,2
18129,243,1,112.55000000000001,1
18130,15,3,1059.39,2
18133,212,1,931.4999999999999,1
18135,29,5,681.9100000000001,2
18136,63,3,784.33,2
18138,295,1,152.65,1
18139,18,6,8438.34,0
18142,157,2,1019.52,1
18143,117,2,1000.16,1
18144,8,12,2888.75,0
18145,13,4,2861.55,2
18146,141,2,160.35000000000002,1
18147,46,2,179.33999999999997,1
18149,51,3,612.0799999999999,2
18150,32,3,566.58,2
18151,135,2,653.35,1
18154,3,2,399.19,2
18155,75,3,371.62,1
18156,13,2,734.94,2
18158,9,2,453.4,2
18159,301,1,530.15,1
18160,57,2,638.0600000000001,2
18161,15,5,1618.69,2
18164,37,1,399.65000000000003,1
18165,177,1,302.46000000000004,1
18167,23,3,1384.8600000000001,2
18168,176,6,1169.94,2
18169,61,1,202.65,1
18170,33,3,980.31,2
18171,59,5,1231.31,2
18172,15,20,7561.68,0
18173,87,4,2106.84,2
18174,7,1,104.0,1
18176,358,1,476.35,1
18177,31,6,1341.42,2
18178,129,4,1590.81,2
18179,9,6,1793.17,0
18180,5,6,1843.75,0
18181,24,1,382.8,1
18183,227,2,632.07,1
18184,15,1,49.8,1
18185,249,1,304.25,1
18188,15,3,2001.04,2
18189,78,2,1090.24,2
18190,192,2,284.46000000000004,1
18191,262,1,207.79999999999998,1
18192,72,1,957.97,1
18193,165,1,243.76,1
18194,82,1,973.8399999999999,1
18196,95,2,689.13,1
18198,4,17,5425.56,0
18200,106,1,163.8,1
18202,200,3,1396.99,2
18203,157,1,160.42000000000002,1
18204,71,3,1993.7,2
18205,36,2,517.36,2
18209,29,1,139.10000000000002,1
18210,2,6,2621.38,0
18211,26,5,600.07,2
18212,326,1,248.42,1
18213,237,1,232.48000000000002,1
18215,89,1,299.34000000000003,1
18216,31,1,481.75,1
18217,29,2,621.75,2
18218,211,2,662.08,1
18219,3,10,2069.77,0
18220,227,1,305.28000000000003,1
18221,22,5,1041.61,2
18222,93,1,443.0,1
18223,5,14,6484.54,0
18224,264,1,158.95000000000002,1
18225,3,12,5509.12,0
18226,44,11,5228.05,0
18227,218,1,93.75,1
18228,57,2,779.9,2
18229,12,20,7276.900000000001,0
18230,9,7,2810.2000000000003,0
18231,192,5,2083.27,2
18232,82,4,592.97,2
18233,326,1,440.0,1
18235,72,3,1796.48,2
18236,30,6,882.24,2
18237,3,5,987.1,2
18239,219,5,1561.6100000000001,2
18240,46,1,422.58,1
18241,10,17,2073.09,0
18242,72,4,2232.4900000000002,2
18245,7,7,2567.06,0
18246,24,2,596.1,2
18248,123,2,804.02,1
18249,17,1,95.34,1
18250,310,1,349.27,1
18251,87,1,4314.72,2
18252,51,2,526.67,2
18255,89,1,103.3,1
18257,39,8,2337.63,0
18259,25,3,2338.6000000000004,2
18260,173,6,2643.2000000000003,2
18261,43,2,324.24,1
18262,140,1,149.48,1
18263,26,3,1213.1599999999999,2
18265,72,2,801.51,2
18268,134,1,25.5,1
18269,366,1,168.6,1
18270,38,2,283.15,1
18272,3,6,3078.58,0
18273,2,3,204.0,2
18274,30,1,175.92,1
18276,44,1,335.86,1
18277,58,1,110.38,1
18278,74,1,173.9,1
18280,278,1,180.60000000000002,1
18281,181,1,80.82,1
18282,8,2,178.05,2
18283,4,16,2094.88,0
18287,43,3,1837.28,2
